timestamp,close,high,low,trade_count,open,volume,vwap
2026-08-11 08:00:00+00:00,471.4,473.46,470.0531,1287,472.3373,18990,472.119705
2026-08-11 08:01:00+00:00,473.38,473.5,470.0,2028,471.61,27966,471.81353
2026-08-11 08:02:00+00:00,473.47,473.47,473.47,37,473.47,794,473.47
2026-08-11 08:03:00+00:00,473.5,473.77,473.5,16,473.77,349,473.643239
2026-08-11 08:04:00+00:00,473.59,473.59,473.59,53,473.59,1058,473.59
2026-08-11 08:05:00+00:00,472.8712,472.8712,472.8712,67,472.8712,989,472.8712
2026-08-11 08:06:00+00:00,472.76,472.76,472.75,57,472.76,1526,472.75333
2026-08-11 08:07:00+00:00,472.5,472.5,472.5,17,472.5,233,472.5
2026-08-11 08:08:00+00:00,472.01,472.01,472.01,222,472.01,1473,472.01
2026-08-11 08:12:00+00:00,471.23,471.5,471.23,87,471.5,969,471.371923
2026-08-11 08:14:00+00:00,471.3,471.3,471.3,20,471.3,477,471.3
2026-08-11 08:15:00+00:00,471.29,471.29,471.29,61,471.29,614,471.29
2026-08-11 08:19:00+00:00,470.88,470.88,470.88,22,470.88,478,470.88
2026-08-11 08:20:00+00:00,472.0,472.0,472.0,29,472.0,497,472.0
2026-08-11 08:21:00+00:00,471.02,471.02,471.02,15,471.02,262,471.02
2026-08-11 08:23:00+00:00,471.0,471.0,471.0,41,471.0,656,471.0
2026-08-11 08:25:00+00:00,471.0,471.0,470.78,16,470.78,322,470.89
2026-08-11 08:31:00+00:00,471.0,471.0,470.5,64,470.61,1058,470.661402
2026-08-11 08:32:00+00:00,470.0,470.27,470.0,126,470.27,1983,470.032967
2026-08-11 08:34:00+00:00,469.8,469.9,469.8,86,469.9,1609,469.857132
2026-08-11 08:37:00+00:00,470.0,470.0,469.99,41,469.99,1010,469.998066
2026-08-11 08:39:00+00:00,470.3,470.3,470.0,38,470.0,491,470.121951
2026-08-11 09:02:00+00:00,470.31,470.31,470.31,9,470.31,320,470.31
2026-08-11 09:03:00+00:00,470.15,470.29,470.15,32,470.29,365,470.23717
2026-08-11 09:04:00+00:00,470.22,470.34,470.22,24,470.34,1050,470.23227
2026-08-11 09:07:00+00:00,470.02,470.02,470.02,10,470.02,219,470.02
2026-08-11 09:08:00+00:00,470.49,470.55,470.49,20,470.55,1102,470.496397
2026-08-11 09:09:00+00:00,469.67,470.0,469.67,101,470.0,1925,469.97
2026-08-11 09:10:00+00:00,469.9,469.9,469.9,5,469.9,232,469.9
2026-08-11 09:11:00+00:00,469.01,469.56,469.0,233,469.56,4175,469.165823
2026-08-11 09:12:00+00:00,469.34,469.34,469.34,20,469.34,462,469.34
2026-08-11 09:16:00+00:00,470.46,470.46,470.46,20,470.46,276,470.46
2026-08-11 09:26:00+00:00,471.19,471.19,471.19,22,471.19,462,471.19
2026-08-11 09:29:00+00:00,471.3,471.3,470.5204,40,470.5204,1120,470.622979
2026-08-11 09:43:00+00:00,472.06,472.06,472.06,26,472.06,487,472.06
2026-08-11 09:45:00+00:00,471.75,471.75,471.75,13,471.75,530,471.75
2026-08-11 09:50:00+00:00,471.5,471.5,471.5,9,471.5,450,471.5
2026-08-11 09:54:00+00:00,471.5,471.5,471.5,29,471.5,328,471.5
2026-08-11 09:56:00+00:00,471.6,471.6,471.6,8,471.6,343,471.6
2026-08-11 10:01:00+00:00,471.232,471.3,471.232,19,471.3,390,471.266829
2026-08-11 10:02:00+00:00,471.47,471.47,471.47,5,471.47,119,471.47
2026-08-11 10:04:00+00:00,471.5,471.5,471.5,10,471.5,263,471.5
2026-08-11 10:05:00+00:00,471.04,471.258,471.0,53,471.258,1288,471.110658
2026-08-11 10:17:00+00:00,471.75,471.75,471.75,25,471.75,393,471.75
2026-08-11 10:19:00+00:00,472.1,472.1,471.95,48,471.95,1918,472.078829
2026-08-11 10:22:00+00:00,472.27,472.27,472.27,27,472.27,551,472.27
2026-08-11 10:23:00+00:00,472.89,472.89,472.89,39,472.89,767,472.89
2026-08-11 10:24:00+00:00,472.53,472.53,472.53,39,472.53,581,472.53
2026-08-11 10:28:00+00:00,473.45,473.45,473.2,59,473.2,1560,473.320839
2026-08-11 10:39:00+00:00,473.0,473.0,473.0,13,473.0,427,473.0
2026-08-11 10:43:00+00:00,473.0,473.0,473.0,29,473.0,400,473.0
2026-08-11 10:48:00+00:00,473.65,473.65,473.5,53,473.5,1216,473.526596
2026-08-11 10:49:00+00:00,473.66,473.66,473.66,23,473.66,582,473.66
2026-08-11 11:00:00+00:00,473.1023,473.5,472.8282,158,473.0,8893,473.4487
2026-08-11 11:01:00+00:00,474.718,474.718,473.66,188,473.66,3443,474.144425
2026-08-11 11:02:00+00:00,474.5,474.75,474.27,84,474.27,2659,474.558704
2026-08-11 11:03:00+00:00,475.0,475.0,474.1,230,474.65,10836,474.801535
2026-08-11 11:04:00+00:00,474.845,475.02,474.6028,177,475.0,5685,474.936169
2026-08-11 11:05:00+00:00,474.76,474.9999,474.5087,88,474.9999,1893,474.89682
2026-08-11 11:06:00+00:00,474.75,475.0,474.6,80,475.0,1658,474.765238
2026-08-11 11:07:00+00:00,474.9052,474.9141,474.9052,46,474.9141,720,474.90965
2026-08-11 11:08:00+00:00,474.83,475.0,474.83,110,474.99,4663,474.992138
2026-08-11 11:09:00+00:00,474.75,475.0,474.3483,45,474.89,1354,474.650787
2026-08-11 11:10:00+00:00,474.5029,474.5029,474.5029,74,474.5029,1730,474.5029
2026-08-11 11:12:00+00:00,474.2217,474.2217,474.2217,52,474.2217,1028,474.2217
2026-08-11 11:13:00+00:00,474.9,474.9,474.3915,66,474.69,3522,474.870442
2026-08-11 11:14:00+00:00,474.8839,474.8839,474.71,50,474.8374,1556,474.834827
2026-08-11 11:15:00+00:00,474.94,474.94,474.94,51,474.94,690,474.94
2026-08-11 11:17:00+00:00,474.13,474.7,474.13,109,474.7,3321,474.506454
2026-08-11 11:18:00+00:00,474.404,474.404,474.116,66,474.116,1267,474.26
2026-08-11 11:19:00+00:00,474.0,474.25,474.0,62,474.25,1651,474.078333
2026-08-11 11:21:00+00:00,474.4,474.4,474.4,29,474.4,349,474.4
2026-08-11 11:22:00+00:00,474.08,474.438,474.08,35,474.438,1181,474.348271
2026-08-11 11:23:00+00:00,474.28,474.28,474.02,51,474.2,1521,474.144005
2026-08-11 11:25:00+00:00,473.727,474.29,473.727,60,474.01,2133,474.017367
2026-08-11 11:26:00+00:00,473.66,473.66,473.66,68,473.66,1185,473.66
2026-08-11 11:27:00+00:00,473.72,473.72,473.5,34,473.5,649,473.61
2026-08-11 11:28:00+00:00,473.8,473.8,473.7718,31,473.7718,674,473.7859
2026-08-11 11:29:00+00:00,473.9403,473.9403,473.73,50,473.73,2160,473.897721
2026-08-11 11:30:00+00:00,473.9039,473.9039,473.82,19,473.9,551,473.88195
2026-08-11 11:31:00+00:00,473.82,473.82,473.82,50,473.82,1194,473.82
2026-08-11 11:32:00+00:00,473.8306,474.163,473.5,31,474.163,4048,473.973314
2026-08-11 11:33:00+00:00,473.773,473.773,473.773,22,473.773,367,473.773
2026-08-11 11:34:00+00:00,473.72,473.84,473.72,47,473.84,1537,473.800123
2026-08-11 11:35:00+00:00,473.99,473.99,473.75,23,473.75,653,473.808111
2026-08-11 11:36:00+00:00,473.9697,473.9697,473.96,42,473.96,995,473.96485
2026-08-11 11:39:00+00:00,473.71,473.71,473.7,42,473.7,1002,473.705575
2026-08-11 11:40:00+00:00,473.8,473.8,473.73,61,473.73,1897,473.787849
2026-08-11 11:41:00+00:00,473.8,473.8,473.71,25,473.72,902,473.73
2026-08-11 11:42:00+00:00,473.75,473.8972,473.75,53,473.8972,1216,473.8604
2026-08-11 11:43:00+00:00,473.89,473.89,473.47,84,473.88,5413,473.723236
2026-08-11 11:44:00+00:00,473.69,473.69,473.69,29,473.69,309,473.69
2026-08-11 11:45:00+00:00,473.5,473.5,473.49,43,473.49,771,473.496667
2026-08-11 11:46:00+00:00,473.62,473.62,473.62,29,473.62,540,473.62
2026-08-11 11:47:00+00:00,473.15,473.5,473.12,96,473.5,3284,473.174714
2026-08-11 11:48:00+00:00,472.94,473.1,472.94,75,473.1,5108,473.010021
2026-08-11 11:49:00+00:00,473.0,473.0,472.97,42,472.97,774,472.991379
2026-08-11 11:50:00+00:00,473.18,473.18,473.17,43,473.17,1761,473.178982
2026-08-11 11:53:00+00:00,472.75,472.99,472.75,109,472.99,2959,472.7955
2026-08-11 11:54:00+00:00,473.0,473.0,473.0,38,473.0,3118,473.0
2026-08-11 11:55:00+00:00,473.0,473.8,473.0,17,473.8,1022,473.340064
2026-08-11 11:56:00+00:00,473.0,473.0,473.0,39,473.0,555,473.0
2026-08-11 11:57:00+00:00,473.0,473.0,473.0,40,473.0,673,473.0
2026-08-11 11:58:00+00:00,472.95,472.95,472.95,24,472.95,675,472.95
2026-08-11 11:59:00+00:00,472.93,472.93,472.93,17,472.93,1143,472.93
2026-08-11 12:00:00+00:00,473.0,473.0,473.0,41,473.0,775,473.0
2026-08-11 12:01:00+00:00,472.812,472.812,472.812,24,472.812,277,472.812
2026-08-11 12:02:00+00:00,473.15,473.15,472.8,27,472.8,640,473.050503
2026-08-11 12:03:00+00:00,473.23,473.23,473.22,27,473.22,560,473.226667
2026-08-11 12:05:00+00:00,473.55,473.7,473.3795,53,473.64,1580,473.595365
2026-08-11 12:07:00+00:00,473.71,473.8,473.2374,63,473.2374,2679,473.433688
2026-08-11 12:08:00+00:00,474.0,474.02,473.87,83,473.87,2248,473.954265
2026-08-11 12:09:00+00:00,474.4,474.4,474.2,71,474.2,1863,474.265713
2026-08-11 12:10:00+00:00,474.23,474.47,474.23,110,474.45,3872,474.388646
2026-08-11 12:11:00+00:00,474.16,474.16,474.16,63,474.16,1327,474.16
2026-08-11 12:12:00+00:00,474.01,474.01,474.01,54,474.01,978,474.01
2026-08-11 12:13:00+00:00,474.3497,474.45,474.3,108,474.39,3608,474.386501
2026-08-11 12:14:00+00:00,474.16,474.16,474.15,50,474.15,1075,474.155
2026-08-11 12:15:00+00:00,473.92,474.0,473.92,63,474.0,1231,473.96
2026-08-11 12:16:00+00:00,474.47,474.47,473.7777,105,473.7777,3196,474.220398
2026-08-11 12:17:00+00:00,474.11,474.48,474.11,98,474.47,5024,474.393834
2026-08-11 12:18:00+00:00,474.4,474.49,474.3729,89,474.47,3499,474.446649
2026-08-11 12:19:00+00:00,474.1,474.18,474.1,67,474.18,1271,474.14399
2026-08-11 12:20:00+00:00,474.25,474.25,474.2072,49,474.2072,1649,474.24485
2026-08-11 12:21:00+00:00,474.41,474.6666,474.35,136,474.49,6211,474.489041
2026-08-11 12:22:00+00:00,474.17,474.17,473.51,254,474.0,4462,473.873976
2026-08-11 12:23:00+00:00,474.0,474.3503,473.47,80,473.47,2513,474.168797
2026-08-11 12:24:00+00:00,473.0001,473.4,473.0001,91,473.21,1752,473.16602
2026-08-11 12:25:00+00:00,473.0,473.26,473.0,44,473.26,1386,473.058969
2026-08-11 12:26:00+00:00,473.5,473.5,473.4641,34,473.4641,956,473.477563
2026-08-11 12:27:00+00:00,473.1,473.45,473.1,21,473.45,439,473.239753
2026-08-11 12:28:00+00:00,473.5113,473.5113,473.2127,21,473.2127,523,473.369552
2026-08-11 12:29:00+00:00,473.72,473.9823,473.72,47,473.907,1892,473.946377
2026-08-11 12:30:00+00:00,473.4,473.4,473.4,43,473.4,1058,473.4
2026-08-11 12:31:00+00:00,473.36,473.56,473.169,87,473.4,3163,473.346885
2026-08-11 12:33:00+00:00,473.8815,473.8815,473.8815,54,473.8815,810,473.8815
2026-08-11 12:35:00+00:00,473.9,473.9,473.77,51,473.77,849,473.830465
2026-08-11 12:36:00+00:00,474.0,474.0,473.95,56,473.95,1311,473.991554
2026-08-11 12:37:00+00:00,474.4,474.4,474.22,67,474.22,1617,474.27625
2026-08-11 12:38:00+00:00,474.22,474.44,474.22,44,474.44,1213,474.341786
2026-08-11 12:39:00+00:00,474.5,474.5,474.5,33,474.5,410,474.5
2026-08-11 12:40:00+00:00,474.5,474.5,474.5,71,474.5,1644,474.5
2026-08-11 12:41:00+00:00,474.54,474.55,474.4,59,474.5,1551,474.498182
2026-08-11 12:42:00+00:00,474.0,474.2,474.0,48,474.2,1067,474.12
2026-08-11 12:43:00+00:00,473.78,473.78,473.71,100,473.71,1665,473.742558
2026-08-11 12:45:00+00:00,474.5,474.5,474.5,39,474.5,734,474.5
2026-08-11 12:46:00+00:00,474.378,474.378,473.8,16,473.8,595,474.167818
2026-08-11 12:47:00+00:00,474.0,474.1784,474.0,50,474.1784,1074,474.032166
2026-08-11 12:48:00+00:00,474.0,474.2,473.7728,65,473.7728,1969,473.99466
2026-08-11 12:49:00+00:00,474.07,474.07,473.7821,30,473.7821,806,473.974033
2026-08-11 12:50:00+00:00,473.5775,473.9,473.5001,37,473.7,7041,473.553348
2026-08-11 12:51:00+00:00,473.55,473.55,473.55,26,473.55,594,473.55
2026-08-11 12:52:00+00:00,473.188,473.5,473.188,84,473.5,7021,473.479246
2026-08-11 12:53:00+00:00,473.35,473.35,473.35,20,473.35,247,473.35
2026-08-11 12:54:00+00:00,473.31,473.79,473.31,61,473.7473,1638,473.540973
2026-08-11 12:57:00+00:00,473.3,473.3,473.3,49,473.3,877,473.3
2026-08-11 12:58:00+00:00,472.88,473.3,472.88,152,473.3,6660,473.077817
2026-08-11 12:59:00+00:00,472.1391,472.8,472.1391,142,472.8,4451,472.44354
2026-08-11 13:00:00+00:00,473.0,473.0,472.13,81,472.13,4351,472.364014
2026-08-11 13:01:00+00:00,473.0,473.48,473.0,97,473.0,3117,473.227581
2026-08-11 13:02:00+00:00,473.4,473.4,473.062,65,473.062,2286,473.344143
2026-08-11 13:04:00+00:00,472.5,473.0,472.5,76,473.0,1990,472.741424
2026-08-11 13:05:00+00:00,472.804,472.82,472.5803,64,472.8,2199,472.706887
2026-08-11 13:06:00+00:00,472.9,472.91,472.5477,56,472.75,1658,472.735969
2026-08-11 13:07:00+00:00,472.96,472.96,472.805,31,472.805,1694,472.831538
2026-08-11 13:08:00+00:00,472.93,472.93,472.8,57,472.9,2124,472.837462
2026-08-11 13:09:00+00:00,472.51,472.9094,472.51,57,472.8414,4216,472.732572
2026-08-11 13:10:00+00:00,472.51,472.51,472.51,81,472.51,1853,472.51
2026-08-11 13:11:00+00:00,472.78,472.78,472.78,44,472.78,651,472.78
2026-08-11 13:12:00+00:00,472.5,472.9997,472.5,143,472.92,3719,472.577003
2026-08-11 13:13:00+00:00,472.5,472.6,472.5,70,472.59,4218,472.58869
2026-08-11 13:14:00+00:00,472.7,472.7,472.7,23,472.7,720,472.7
2026-08-11 13:15:00+00:00,472.33,472.8,472.33,63,472.8,1472,472.5113
2026-08-11 13:16:00+00:00,472.65,472.66,472.65,73,472.66,1125,472.655
2026-08-11 13:17:00+00:00,473.3,473.31,472.73,92,472.86,3989,472.943581
2026-08-11 13:18:00+00:00,473.1,473.1,473.1,61,473.1,674,473.1
2026-08-11 13:19:00+00:00,473.2,473.2,473.2,46,473.2,362,473.2
2026-08-11 13:20:00+00:00,472.85,472.85,472.5,75,472.5,1225,472.617405
2026-08-11 13:22:00+00:00,473.8,473.8,473.0,69,473.31,1647,473.315786
2026-08-11 13:23:00+00:00,473.4,473.5,473.4,53,473.5,1630,473.488345
2026-08-11 13:24:00+00:00,473.5,473.5,473.4,38,473.4,672,473.46
2026-08-11 13:25:00+00:00,473.5,473.89,473.5,106,473.8,3685,473.639176
2026-08-11 13:26:00+00:00,474.05,474.05,473.23,139,473.845,4579,473.918173
2026-08-11 13:27:00+00:00,474.65,474.65,474.0,136,474.13,3604,474.463512
2026-08-11 13:28:00+00:00,474.6,474.99,474.5,177,474.75,5384,474.726211
2026-08-11 13:29:00+00:00,474.4,475.48,474.26,367,474.36,9451,474.964874
2026-08-11 13:30:00+00:00,466.56,474.99,466.04,11795,474.41,456283,471.37496
2026-08-11 13:31:00+00:00,469.1326,469.23,466.03,3702,466.5,148435,467.88914
2026-08-11 13:32:00+00:00,466.21,469.43,466.2,3005,468.67,118094,467.492799
2026-08-11 13:33:00+00:00,464.675,467.0,464.4806,5436,466.3,195152,465.689669
2026-08-11 13:34:00+00:00,465.905,466.24,464.4,3671,464.7717,121422,465.351939
2026-08-11 13:35:00+00:00,464.5,466.0,464.41,2834,465.81,100771,465.138152
2026-08-11 13:36:00+00:00,465.28,465.9347,463.86,3459,464.42,118311,464.75721
2026-08-11 13:37:00+00:00,465.29,466.239,464.6992,2835,465.535,85330,465.51914
2026-08-11 13:38:00+00:00,465.33,465.7637,464.0101,2518,465.4,87086,464.958435
2026-08-11 13:39:00+00:00,464.42,465.3819,463.8103,2412,465.29,80509,464.430962
2026-08-11 13:40:00+00:00,466.189,467.21,464.39,2606,464.45,109061,466.255091
2026-08-11 13:41:00+00:00,466.12,466.61,465.3901,1677,466.16,67124,466.029337
2026-08-11 13:42:00+00:00,465.83,466.42,465.25,1910,466.12,58047,465.849293
2026-08-11 13:43:00+00:00,466.27,466.78,465.63,1980,465.83,63390,466.252522
2026-08-11 13:44:00+00:00,465.66,466.46,465.04,2293,466.415,71853,465.607041
2026-08-11 13:45:00+00:00,464.74,465.9299,464.6001,2635,465.765,78510,465.145566
2026-08-11 13:46:00+00:00,464.4699,465.0,463.21,3433,464.6,127140,464.000108
2026-08-11 13:47:00+00:00,464.3314,464.6199,463.2501,1821,464.28,70076,463.921394
2026-08-11 13:48:00+00:00,464.77,465.45,464.34,1610,464.365,84331,464.955473
2026-08-11 13:49:00+00:00,464.915,465.54,464.4915,1464,464.755,65215,464.895845
2026-08-11 13:50:00+00:00,464.46,465.29,464.32,1526,464.7,63197,464.897013
2026-08-11 13:51:00+00:00,465.17,465.17,464.19,1558,464.42,59001,464.5761
2026-08-11 13:52:00+00:00,465.17,465.42,464.16,1456,465.1851,55445,464.858618
2026-08-11 13:53:00+00:00,464.78,465.82,464.0859,1371,465.34,50251,464.780211
2026-08-11 13:54:00+00:00,463.935,465.1454,463.6,1955,464.78,82653,464.344519
2026-08-11 13:55:00+00:00,464.34,464.7,463.52,1493,464.0,63385,464.086627
2026-08-11 13:56:00+00:00,465.32,465.38,464.0,1562,464.38,61034,464.541722
2026-08-11 13:57:00+00:00,465.0001,465.8899,464.7176,1427,465.32,55740,465.49199
2026-08-11 13:58:00+00:00,465.055,465.25,464.4,1250,465.0,41912,464.808851
2026-08-11 13:59:00+00:00,467.06,467.1705,464.95,1895,465.045,87915,466.381154
2026-08-11 14:00:00+00:00,467.755,468.4699,466.88,2537,467.19,127828,467.765182
2026-08-11 14:01:00+00:00,468.37,469.2595,467.59,1975,467.59,80152,468.610633
2026-08-11 14:02:00+00:00,467.72,468.79,467.47,1514,468.595,56209,468.113865
2026-08-11 14:03:00+00:00,468.31,468.55,467.5706,1169,467.72,48946,468.167912
2026-08-11 14:04:00+00:00,467.9701,469.02,467.91,1610,468.3,67414,468.437225
2026-08-11 14:05:00+00:00,469.1,469.28,467.855,1220,468.015,51230,468.609739
2026-08-11 14:06:00+00:00,469.415,469.7199,469.0,1477,469.11,57205,469.453781
2026-08-11 14:07:00+00:00,469.77,470.0,469.0,1643,469.47,73977,469.666165
2026-08-11 14:08:00+00:00,469.3,470.2,469.19,1780,469.87,90039,469.857245
2026-08-11 14:09:00+00:00,469.0794,469.9,468.675,1299,469.05,46782,469.228119
2026-08-11 14:10:00+00:00,470.0667,470.41,469.1601,1580,469.225,76847,469.980114
2026-08-11 14:11:00+00:00,470.965,471.15,469.72,1805,470.12,81131,470.566826
2026-08-11 14:12:00+00:00,470.585,471.18,470.19,1593,470.725,77854,470.78216
2026-08-11 14:13:00+00:00,470.04,470.7,470.04,982,470.4003,36448,470.45044
2026-08-11 14:14:00+00:00,468.85,470.3864,468.68,1807,470.15,75899,469.582816
2026-08-11 14:15:00+00:00,469.99,470.1599,468.2591,1439,468.88,62420,468.976012
2026-08-11 14:16:00+00:00,470.7099,471.7,469.995,2234,469.995,102356,471.03223
2026-08-11 14:17:00+00:00,468.97,471.0233,468.965,1031,470.555,44221,470.250511
2026-08-11 14:18:00+00:00,468.32,469.229,467.8593,1430,469.21,54543,468.393817
2026-08-11 14:19:00+00:00,467.52,468.289,467.38,1321,468.289,56471,467.82632
2026-08-11 14:20:00+00:00,467.98,468.4399,467.1596,966,467.545,33216,467.924876
2026-08-11 14:21:00+00:00,467.49,468.2099,466.5101,1452,468.2099,49113,467.280942
2026-08-11 14:22:00+00:00,467.105,468.27,466.99,1129,467.485,42479,467.682781
2026-08-11 14:23:00+00:00,468.01,468.3285,466.975,862,467.08,34199,467.582596
2026-08-11 14:24:00+00:00,468.52,468.87,467.91,1038,468.31,50613,468.324763
2026-08-11 14:25:00+00:00,468.75,468.9899,468.1567,842,468.325,29100,468.462229
2026-08-11 14:26:00+00:00,469.13,469.16,468.57,1007,468.6479,26426,468.849066
2026-08-11 14:27:00+00:00,468.975,469.85,468.78,1055,468.8504,40398,469.410804
2026-08-11 14:28:00+00:00,468.47,468.9,467.99,894,468.9,33271,468.35206
2026-08-11 14:29:00+00:00,468.945,469.1199,468.35,776,468.485,23866,468.773492
2026-08-11 14:30:00+00:00,467.7905,469.2,467.75,1146,468.78,41468,468.457294
2026-08-11 14:31:00+00:00,467.535,468.39,467.05,1287,467.775,55811,467.746541
2026-08-11 14:32:00+00:00,467.9,468.31,467.2759,819,467.2759,31311,467.98092
2026-08-11 14:33:00+00:00,468.41,468.58,467.9,771,467.9705,28758,468.280035
2026-08-11 14:34:00+00:00,468.47,468.8862,467.85,948,468.55,25664,468.330935
2026-08-11 14:35:00+00:00,468.235,468.69,467.8,811,468.45,21429,468.282822
2026-08-11 14:36:00+00:00,468.5,468.83,468.0,705,468.12,19767,468.398439
2026-08-11 14:37:00+00:00,468.52,469.26,468.23,1048,468.555,35015,468.777645
2026-08-11 14:38:00+00:00,467.91,468.45,467.75,788,468.39,20608,468.012747
2026-08-11 14:39:00+00:00,467.76,468.15,467.61,800,467.85,25822,467.900765
2026-08-11 14:40:00+00:00,468.135,468.4,467.8,912,467.81,21729,468.032478
2026-08-11 14:41:00+00:00,467.62,468.34,467.32,810,468.1251,30820,467.781495
2026-08-11 14:42:00+00:00,467.7299,468.1,467.2473,795,467.52,27451,467.613022
2026-08-11 14:43:00+00:00,467.4,467.77,466.9173,1088,467.64,54870,467.276295
2026-08-11 14:44:00+00:00,467.545,467.67,467.0207,732,467.5,25836,467.43453
2026-08-11 14:45:00+00:00,468.03,468.21,467.41,818,467.41,30337,467.771229
2026-08-11 14:46:00+00:00,467.75,468.335,467.58,810,468.21,22162,467.912121
2026-08-11 14:47:00+00:00,468.38,468.554,467.61,868,467.795,36311,468.100873
2026-08-11 14:48:00+00:00,468.3676,468.6,468.08,778,468.53,26839,468.31376
2026-08-11 14:49:00+00:00,468.47,468.8995,468.21,715,468.325,18692,468.495676
2026-08-11 14:50:00+00:00,468.23,468.68,468.23,673,468.49,16289,468.437949
2026-08-11 14:51:00+00:00,468.605,468.83,468.19,801,468.31,21325,468.480128
2026-08-11 14:52:00+00:00,468.65,469.02,468.2,803,468.515,53122,468.511162
2026-08-11 14:53:00+00:00,468.19,468.64,468.19,737,468.57,17429,468.418142
2026-08-11 14:54:00+00:00,469.1866,469.4,467.88,1137,468.16,36931,468.478029
2026-08-11 14:55:00+00:00,469.3766,469.88,468.95,1032,468.95,35617,469.460404
2026-08-11 14:56:00+00:00,469.02,469.6,468.95,940,469.32,37660,469.193105
2026-08-11 14:57:00+00:00,469.8215,469.96,468.9301,871,469.02,24706,469.587717
2026-08-11 14:58:00+00:00,469.919,470.49,469.6801,1303,469.8846,58257,470.07616
2026-08-11 14:59:00+00:00,468.99,470.0,468.9,999,469.92,78691,469.529155
2026-08-11 15:00:00+00:00,468.75,469.2,468.5279,921,468.93,29198,468.867996
2026-08-11 15:01:00+00:00,469.33,469.74,468.59,931,468.745,54438,469.406029
2026-08-11 15:02:00+00:00,469.12,469.49,468.8,630,469.33,19649,469.128347
2026-08-11 15:03:00+00:00,469.66,469.9,468.96,781,469.215,20023,469.5061
2026-08-11 15:04:00+00:00,469.705,469.9686,469.3897,603,469.53,17260,469.707863
2026-08-11 15:05:00+00:00,469.8,470.305,469.3104,1013,469.8499,35925,470.010064
2026-08-11 15:06:00+00:00,469.465,469.75,469.2853,654,469.64,23076,469.473525
2026-08-11 15:07:00+00:00,469.59,469.9599,469.3,645,469.59,29397,469.530104
2026-08-11 15:08:00+00:00,469.865,470.05,469.29,1182,469.82,59105,469.681587
2026-08-11 15:09:00+00:00,469.815,470.29,469.63,872,469.85,33991,469.890782
2026-08-11 15:10:00+00:00,469.305,469.9365,468.67,873,469.695,37230,469.349864
2026-08-11 15:11:00+00:00,469.86,469.9,469.11,697,469.35,28517,469.511407
2026-08-11 15:12:00+00:00,469.81,470.6,469.67,1353,469.98,68578,470.17185
2026-08-11 15:13:00+00:00,469.915,470.33,469.65,735,469.99,22554,469.947562
2026-08-11 15:14:00+00:00,470.26,470.5594,469.861,866,470.01,19411,470.253007
2026-08-11 15:15:00+00:00,469.3,470.04,469.22,836,470.04,25195,469.596982
2026-08-11 15:16:00+00:00,470.15,470.26,469.15,856,469.43,33703,469.889287
2026-08-11 15:17:00+00:00,470.0,470.6999,469.995,763,470.155,34193,470.436685
2026-08-11 15:18:00+00:00,470.22,470.6126,469.825,810,470.0,47641,470.3045
2026-08-11 15:19:00+00:00,470.2,470.6999,470.16,655,470.22,17538,470.42524
2026-08-11 15:20:00+00:00,470.235,470.32,469.86,780,470.215,37965,470.076473
2026-08-11 15:21:00+00:00,470.85,470.89,470.0801,820,470.42,25178,470.57148
2026-08-11 15:22:00+00:00,470.58,470.95,470.51,702,470.81,27347,470.795352
2026-08-11 15:23:00+00:00,469.75,470.67,469.66,717,470.59,23292,470.037863
2026-08-11 15:24:00+00:00,468.8,469.73,468.7,1153,469.73,43633,469.128413
2026-08-11 15:25:00+00:00,469.83,469.84,468.73,906,468.815,42881,469.315727
2026-08-11 15:26:00+00:00,469.305,469.87,469.16,677,469.72,25965,469.592152
2026-08-11 15:27:00+00:00,469.49,469.66,469.1849,583,469.305,21249,469.459647
2026-08-11 15:28:00+00:00,469.33,469.59,469.02,515,469.34,12903,469.339088
2026-08-11 15:29:00+00:00,469.02,469.4968,469.02,555,469.18,13443,469.284624
2026-08-11 15:30:00+00:00,470.06,470.06,469.0488,891,469.13,30562,469.737268
2026-08-11 15:31:00+00:00,469.94,470.51,469.76,714,470.1073,20071,470.169827
2026-08-11 15:32:00+00:00,470.06,470.38,469.911,586,469.95,17776,470.059654
2026-08-11 15:33:00+00:00,469.7,470.38,469.7,763,470.06,26179,470.015613
2026-08-11 15:34:00+00:00,469.485,470.16,469.34,1031,469.805,49532,469.627173
2026-08-11 15:35:00+00:00,469.9999,470.0,469.46,558,469.69,20481,469.680941
2026-08-11 15:36:00+00:00,470.19,470.19,469.65,591,469.71,20328,469.849522
2026-08-11 15:37:00+00:00,470.665,470.785,469.9219,834,470.18,29197,470.425339
2026-08-11 15:38:00+00:00,470.42,470.95,470.37,808,470.5876,36363,470.661238
2026-08-11 15:39:00+00:00,469.96,470.9,469.85,832,470.4824,39341,470.226223
2026-08-11 15:40:00+00:00,470.12,470.2048,469.57,658,470.0,30944,469.785727
2026-08-11 15:41:00+00:00,469.69,470.18,469.2501,572,470.12,18959,469.600956
2026-08-11 15:42:00+00:00,469.53,469.7599,469.3,483,469.64,15592,469.500798
2026-08-11 15:43:00+00:00,470.045,470.16,469.58,587,469.6,18946,469.886019
2026-08-11 15:44:00+00:00,470.345,470.44,469.99,560,469.99,15045,470.227853
2026-08-11 15:45:00+00:00,469.79,470.38,469.79,475,470.33,12240,470.063399
2026-08-11 15:46:00+00:00,469.59,469.87,469.5,430,469.685,10630,469.676934
2026-08-11 15:47:00+00:00,469.59,469.72,469.14,643,469.61,21354,469.479443
2026-08-11 15:48:00+00:00,469.59,469.73,469.405,467,469.66,15694,469.580523
2026-08-11 15:49:00+00:00,469.4,469.97,469.4,649,469.48,22542,469.705662
2026-08-11 15:50:00+00:00,469.8699,469.92,469.3601,448,469.3601,11342,469.642214
2026-08-11 15:51:00+00:00,468.9001,469.74,468.84,879,469.74,27514,469.102466
2026-08-11 15:52:00+00:00,468.685,469.07,468.685,572,469.07,13306,468.896053
2026-08-11 15:53:00+00:00,468.12,468.7751,468.1,902,468.632,44945,468.371118
2026-08-11 15:54:00+00:00,468.18,468.4699,468.0106,600,468.23,17945,468.240379
2026-08-11 15:55:00+00:00,468.205,468.49,468.0401,533,468.27,14925,468.263585
2026-08-11 15:56:00+00:00,468.385,468.5195,468.22,487,468.23,13880,468.339482
2026-08-11 15:57:00+00:00,468.02,468.45,467.9,856,468.33,23843,468.116273
2026-08-11 15:58:00+00:00,468.25,468.3299,468.01,449,468.03,10530,468.147215
2026-08-11 15:59:00+00:00,468.3299,468.5,468.185,518,468.19,10127,468.336498
2026-08-11 16:00:00+00:00,467.86,468.3594,467.6959,663,468.2,21368,467.924354
2026-08-11 16:01:00+00:00,466.96,467.78,466.7,1113,467.64,29962,467.17735
2026-08-11 16:02:00+00:00,466.62,466.96,466.2614,1066,466.935,35938,466.560472
2026-08-11 16:03:00+00:00,466.3069,466.7641,466.2001,850,466.7299,33667,466.442295
2026-08-11 16:04:00+00:00,466.48,466.7,466.3,580,466.39,19276,466.46142
2026-08-11 16:05:00+00:00,466.815,466.9,466.38,737,466.4,22744,466.695932
2026-08-11 16:06:00+00:00,467.27,467.4699,466.8254,767,466.9,24213,467.166263
2026-08-11 16:07:00+00:00,467.21,467.4,467.1401,587,467.24,22529,467.289234
2026-08-11 16:08:00+00:00,467.29,467.3882,467.03,548,467.32,13615,467.230489
2026-08-11 16:09:00+00:00,467.195,467.46,466.8401,663,467.2375,21122,467.18524
2026-08-11 16:10:00+00:00,467.4701,467.55,467.14,518,467.215,11978,467.328427
2026-08-11 16:11:00+00:00,467.4399,467.7,467.29,467,467.58,10121,467.486956
2026-08-11 16:12:00+00:00,467.475,467.56,467.07,512,467.375,8894,467.325993
2026-08-11 16:13:00+00:00,466.8551,467.47,466.7903,529,467.415,15516,467.051992
2026-08-11 16:14:00+00:00,466.2872,466.9499,466.03,730,466.8699,22033,466.523624
2026-08-11 16:15:00+00:00,466.77,466.87,466.285,742,466.37,222896,466.551787
2026-08-11 16:16:00+00:00,467.08,467.22,466.8048,559,466.87,13552,466.974545
2026-08-11 16:17:00+00:00,466.97,467.14,466.8766,391,467.06,9126,467.01253
2026-08-11 16:18:00+00:00,467.13,467.22,466.74,531,466.97,15706,466.926854
2026-08-11 16:19:00+00:00,466.875,467.4086,466.8489,393,467.1767,17665,467.168204
2026-08-11 16:20:00+00:00,466.76,466.955,466.66,365,466.905,8118,466.789144
2026-08-11 16:21:00+00:00,466.785,466.89,466.64,389,466.81,9630,466.773559
2026-08-11 16:22:00+00:00,467.445,467.61,466.745,624,466.8522,19014,467.362758
2026-08-11 16:23:00+00:00,467.5772,467.74,467.39,619,467.435,23156,467.611606
2026-08-11 16:24:00+00:00,466.97,467.625,466.86,533,467.625,16724,467.186882
2026-08-11 16:25:00+00:00,466.745,467.055,466.28,788,467.0008,27568,466.645428
2026-08-11 16:26:00+00:00,466.75,466.93,466.3,518,466.735,20632,466.545033
2026-08-11 16:27:00+00:00,467.05,467.0799,466.61,523,466.61,16016,466.825269
2026-08-11 16:28:00+00:00,466.655,466.99,466.45,514,466.95,14261,466.677499
2026-08-11 16:29:00+00:00,466.855,466.91,466.61,372,466.6675,11470,466.759316
2026-08-11 16:30:00+00:00,466.8312,467.035,466.7497,381,466.825,10668,466.886756
2026-08-11 16:31:00+00:00,466.48,466.805,466.3301,495,466.805,13808,466.576696
2026-08-11 16:32:00+00:00,466.215,466.425,466.13,864,466.425,32823,466.257369
2026-08-11 16:33:00+00:00,465.92,466.3099,465.86,1106,466.28,44917,466.075834
2026-08-11 16:34:00+00:00,465.895,466.18,465.82,551,465.85,20577,466.007341
2026-08-11 16:35:00+00:00,466.4,466.4801,465.89,520,465.91,18337,466.167324
2026-08-11 16:36:00+00:00,466.4601,466.6436,466.34,521,466.4279,21303,466.517099
2026-08-11 16:37:00+00:00,466.9495,466.9495,466.46,724,466.5715,22312,466.654283
2026-08-11 16:38:00+00:00,466.71,466.95,466.6104,409,466.95,15312,466.761792
2026-08-11 16:39:00+00:00,467.01,467.05,466.61,495,466.65,26350,466.799235
2026-08-11 16:40:00+00:00,466.76,467.11,466.58,528,467.09,23128,466.797129
2026-08-11 16:41:00+00:00,466.97,467.17,466.72,450,466.72,16037,466.96087
2026-08-11 16:42:00+00:00,467.1,467.1499,466.9,436,466.911,16149,467.004494
2026-08-11 16:43:00+00:00,466.62,466.95,466.58,359,466.92,7052,466.774405
2026-08-11 16:44:00+00:00,466.67,466.76,466.5,387,466.62,10920,466.648823
2026-08-11 16:45:00+00:00,466.6,466.8627,466.5,510,466.6,19323,466.681721
2026-08-11 16:46:00+00:00,465.95,466.668,465.87,646,466.6101,20412,466.320523
2026-08-11 16:47:00+00:00,466.0,466.28,465.89,468,465.9119,15718,466.038707
2026-08-11 16:48:00+00:00,465.841,466.105,465.82,410,465.995,10718,465.937548
2026-08-11 16:49:00+00:00,466.1301,466.2018,465.89,361,465.89,11270,466.092169
2026-08-11 16:50:00+00:00,466.295,466.39,466.155,521,466.27,16199,466.297667
2026-08-11 16:51:00+00:00,466.5656,466.6,466.21,406,466.24,10768,466.457255
2026-08-11 16:52:00+00:00,466.58,466.7899,466.4157,398,466.59,12718,466.605353
2026-08-11 16:53:00+00:00,466.52,466.7,466.3099,424,466.58,13665,466.515397
2026-08-11 16:54:00+00:00,466.565,466.678,466.4234,384,466.5,14468,466.49732
2026-08-11 16:55:00+00:00,466.695,466.84,466.5392,472,466.62,11455,466.68022
2026-08-11 16:56:00+00:00,466.275,466.69,466.275,407,466.67,16827,466.492199
2026-08-11 16:57:00+00:00,466.15,466.35,466.115,343,466.35,9959,466.203594
2026-08-11 16:58:00+00:00,466.415,466.54,466.1,388,466.12,12368,466.316716
2026-08-11 16:59:00+00:00,466.395,466.59,466.25,415,466.2583,9931,466.433278
2026-08-11 17:00:00+00:00,466.18,466.51,466.15,467,466.38,15321,466.282617
2026-08-11 17:01:00+00:00,466.125,466.365,466.05,383,466.225,11429,466.261786
2026-08-11 17:02:00+00:00,465.8,466.1475,465.7333,808,466.1475,22984,465.965645
2026-08-11 17:03:00+00:00,465.9479,465.9479,465.67,659,465.86,19631,465.81742
2026-08-11 17:04:00+00:00,465.72,466.0699,465.642,442,466.0,14921,465.809881
2026-08-11 17:05:00+00:00,465.66,465.78,465.56,602,465.67,23425,465.66191
2026-08-11 17:06:00+00:00,466.245,466.5,465.7,705,465.74,27315,466.159352
2026-08-11 17:07:00+00:00,466.42,466.5,466.205,404,466.24,12185,466.307018
2026-08-11 17:08:00+00:00,466.39,466.66,466.22,418,466.5,13633,466.467692
2026-08-11 17:09:00+00:00,466.29,466.41,466.1437,328,466.3,9677,466.276562
2026-08-11 17:10:00+00:00,465.91,466.35,465.87,565,466.22,16611,466.052736
2026-08-11 17:11:00+00:00,465.81,466.0,465.35,902,466.0,27078,465.629639
2026-08-11 17:12:00+00:00,465.545,465.795,465.3501,546,465.78,20114,465.524494
2026-08-11 17:13:00+00:00,465.5,465.74,465.35,435,465.55,9627,465.56352
2026-08-11 17:14:00+00:00,465.2,465.5499,465.18,604,465.5,18048,465.35512
2026-08-11 17:15:00+00:00,465.696,465.82,465.1,690,465.2,25319,465.459442
2026-08-11 17:16:00+00:00,465.55,465.87,465.3901,452,465.7199,17744,465.57874
2026-08-11 17:17:00+00:00,466.04,466.14,465.47,626,465.47,21171,465.814356
2026-08-11 17:18:00+00:00,466.141,466.2,465.8001,386,465.8001,10224,466.050967
2026-08-11 17:19:00+00:00,466.05,466.25,466.0,477,466.05,16043,466.09635
2026-08-11 17:20:00+00:00,465.92,466.1973,465.86,398,466.095,10179,466.007035
2026-08-11 17:21:00+00:00,466.25,466.3196,465.68,566,465.99,18601,466.115338
2026-08-11 17:22:00+00:00,465.993,466.38,465.92,547,466.34,12807,466.192121
2026-08-11 17:23:00+00:00,465.935,466.1499,465.72,656,466.1338,22476,465.901951
2026-08-11 17:24:00+00:00,465.99,466.08,465.5101,544,465.84,17407,465.815642
2026-08-11 17:25:00+00:00,465.6801,466.26,465.6801,523,466.0,13157,466.075542
2026-08-11 17:26:00+00:00,465.835,465.9059,465.5,411,465.785,14631,465.685075
2026-08-11 17:27:00+00:00,465.76,465.93,465.5474,376,465.86,12752,465.716096
2026-08-11 17:28:00+00:00,466.1255,466.29,465.735,425,465.75,14331,465.98766
2026-08-11 17:29:00+00:00,466.28,466.4895,465.9401,470,466.085,19935,466.269905
2026-08-11 17:30:00+00:00,465.85,466.31,465.71,606,466.25,16735,465.999631
2026-08-11 17:31:00+00:00,465.77,466.01,465.7,319,465.7,10037,465.838114
2026-08-11 17:32:00+00:00,465.85,466.1465,465.7353,471,465.76,13852,465.931785
2026-08-11 17:33:00+00:00,466.055,466.17,465.9,365,465.92,9952,466.012321
2026-08-11 17:34:00+00:00,466.21,466.2799,465.9535,414,466.0816,12214,466.118448
2026-08-11 17:35:00+00:00,466.67,466.7392,466.16,698,466.28,24353,466.500732
2026-08-11 17:36:00+00:00,467.09,467.16,466.63,719,466.65,23077,466.836778
2026-08-11 17:37:00+00:00,466.9,467.09,466.75,442,467.0658,13339,466.912293
2026-08-11 17:38:00+00:00,466.49,466.965,466.39,477,466.965,14374,466.754063
2026-08-11 17:39:00+00:00,466.395,466.5,466.22,396,466.49,9569,466.376827
2026-08-11 17:40:00+00:00,466.61,466.7199,466.2868,480,466.355,14180,466.538849
2026-08-11 17:41:00+00:00,467.4,467.46,466.37,743,466.64,20739,466.948117
2026-08-11 17:42:00+00:00,468.125,468.25,467.4,949,467.4,46219,467.890006
2026-08-11 17:43:00+00:00,468.21,468.39,467.99,816,468.135,49691,468.22947
2026-08-11 17:44:00+00:00,468.12,468.2944,468.09,454,468.195,19975,468.177352
2026-08-11 17:45:00+00:00,468.13,468.44,467.91,614,468.11,27533,468.207667
2026-08-11 17:46:00+00:00,468.3,468.42,468.105,351,468.11,8879,468.246217
2026-08-11 17:47:00+00:00,468.3643,468.4,468.117,445,468.2378,12203,468.291858
2026-08-11 17:48:00+00:00,468.475,468.78,468.306,671,468.45,27255,468.522073
2026-08-11 17:49:00+00:00,468.44,468.645,468.2501,369,468.5044,14652,468.502891
2026-08-11 17:50:00+00:00,468.4,468.78,468.4,640,468.44,30924,468.593665
2026-08-11 17:51:00+00:00,468.505,468.645,468.48,294,468.5,8972,468.552022
2026-08-11 17:52:00+00:00,468.61,468.6394,468.4201,303,468.59,7863,468.564678
2026-08-11 17:53:00+00:00,468.705,468.705,468.4495,463,468.51,22533,468.527634
2026-08-11 17:54:00+00:00,468.865,468.96,468.705,1248,468.7275,16043,468.83424
2026-08-11 17:55:00+00:00,469.01,469.055,468.74,550,468.97,418046,468.923322
2026-08-11 17:56:00+00:00,469.02,469.28,468.82,705,468.92,18709,469.082053
2026-08-11 17:57:00+00:00,469.1427,469.43,469.0229,733,469.15,28722,469.27872
2026-08-11 17:58:00+00:00,469.4,469.46,469.06,551,469.065,17862,469.252643
2026-08-11 17:59:00+00:00,469.63,469.63,469.308,532,469.39,19559,469.471256
2026-08-11 18:00:00+00:00,469.42,469.66,469.4,771,469.5,26954,469.507594
2026-08-11 18:01:00+00:00,469.325,469.62,469.25,607,469.46,19989,469.44698
2026-08-11 18:02:00+00:00,469.26,469.33,469.1073,638,469.31,19540,469.209972
2026-08-11 18:03:00+00:00,470.67,470.7,469.2,1619,469.25,65474,469.985513
2026-08-11 18:04:00+00:00,470.69,470.84,470.5005,686,470.76,22819,470.70028
2026-08-11 18:05:00+00:00,470.36,470.7625,470.2889,498,470.69,17270,470.485853
2026-08-11 18:06:00+00:00,470.27,470.44,469.86,624,470.406,22760,470.178928
2026-08-11 18:07:00+00:00,470.48,470.5,470.03,539,470.17,317765,470.281376
2026-08-11 18:08:00+00:00,470.115,470.57,470.02,565,470.57,25693,470.187369
2026-08-11 18:09:00+00:00,470.745,470.9399,470.07,1350,470.17,65433,470.648374
2026-08-11 18:10:00+00:00,470.8,471.1,469.93,1822,470.7,110804,470.748949
2026-08-11 18:11:00+00:00,471.62,471.62,470.6801,1251,470.76,71091,471.211934
2026-08-11 18:12:00+00:00,471.5,471.73,471.37,703,471.555,23979,471.604145
2026-08-11 18:13:00+00:00,471.671,471.99,471.54,799,471.555,37008,471.7395
2026-08-11 18:14:00+00:00,471.65,471.84,471.52,404,471.67,13065,471.651951
2026-08-11 18:15:00+00:00,471.63,471.8892,471.41,578,471.63,20532,471.618369
2026-08-11 18:16:00+00:00,472.39,472.5,471.62,1495,471.685,52791,472.201324
2026-08-11 18:17:00+00:00,472.42,472.64,472.2601,805,472.39,28620,472.477245
2026-08-11 18:18:00+00:00,472.1751,472.5,472.15,646,472.38,24234,472.374349
2026-08-11 18:19:00+00:00,471.535,472.248,471.33,639,472.22,34084,471.730434
2026-08-11 18:20:00+00:00,471.2301,471.65,471.1,897,471.53,59936,471.390567
2026-08-11 18:21:00+00:00,470.49,471.34,470.28,1281,471.285,99587,470.866469
2026-08-11 18:22:00+00:00,471.34,471.59,470.1396,1171,470.485,55741,471.092441
2026-08-11 18:23:00+00:00,471.15,471.4899,471.08,949,471.39,83229,471.252845
2026-08-11 18:24:00+00:00,471.55,471.55,471.14,548,471.27,22256,471.381142
2026-08-11 18:25:00+00:00,471.85,471.99,471.5105,800,471.515,57939,471.797519
2026-08-11 18:26:00+00:00,471.81,471.9,471.568,466,471.7467,23642,471.721905
2026-08-11 18:27:00+00:00,471.415,471.9,471.13,987,471.79,67018,471.557758
2026-08-11 18:28:00+00:00,471.18,471.4663,471.15,402,471.415,14831,471.282771
2026-08-11 18:29:00+00:00,471.05,471.35,470.44,1060,471.18,42260,471.059295
2026-08-11 18:30:00+00:00,471.23,471.4,470.85,513,471.26,20042,471.128233
2026-08-11 18:31:00+00:00,471.87,471.99,471.19,885,471.25,42385,471.721576
2026-08-11 18:32:00+00:00,471.9,472.03,471.4301,657,471.94,24602,471.786612
2026-08-11 18:33:00+00:00,471.74,472.2199,471.74,798,471.91,37754,472.006341
2026-08-11 18:34:00+00:00,472.27,472.3,471.6901,668,471.79,28784,472.047517
2026-08-11 18:35:00+00:00,472.26,472.38,471.9301,807,472.1914,31727,472.202637
2026-08-11 18:36:00+00:00,472.545,472.7895,472.26,931,472.26,50772,472.580564
2026-08-11 18:37:00+00:00,471.965,472.6299,471.89,1070,472.43,72288,472.211786
2026-08-11 18:38:00+00:00,472.295,472.295,471.81,552,471.965,23879,471.988677
2026-08-11 18:39:00+00:00,472.53,472.67,472.245,837,472.245,41637,472.488765
2026-08-11 18:40:00+00:00,472.33,472.7,472.25,651,472.673,20978,472.49959
2026-08-11 18:41:00+00:00,471.45,472.3905,471.27,844,472.335,52563,471.869678
2026-08-11 18:42:00+00:00,472.017,472.2096,471.2,676,471.5128,38071,471.693019
2026-08-11 18:43:00+00:00,471.845,472.14,471.6269,488,472.095,28588,471.849685
2026-08-11 18:44:00+00:00,471.755,472.0,471.5,436,471.98,23385,471.801242
2026-08-11 18:45:00+00:00,472.11,472.19,471.7093,569,471.7093,20314,472.019369
2026-08-11 18:46:00+00:00,472.185,472.55,472.0579,688,472.2,26270,472.284512
2026-08-11 18:47:00+00:00,472.4882,472.6999,472.185,657,472.185,28862,472.501426
2026-08-11 18:48:00+00:00,472.7,472.7,472.355,488,472.435,21779,472.578881
2026-08-11 18:49:00+00:00,472.8051,472.87,472.1601,796,472.63,35101,472.629141
2026-08-11 18:50:00+00:00,472.86,473.2999,472.7825,1097,472.83,42446,473.01384
2026-08-11 18:51:00+00:00,473.0972,473.33,472.8107,637,472.9498,26314,473.110681
2026-08-11 18:52:00+00:00,473.15,473.2,472.9194,514,473.05,22777,473.082025
2026-08-11 18:53:00+00:00,473.77,473.7783,473.1801,1018,473.26,31217,473.399216
2026-08-11 18:54:00+00:00,473.63,473.85,473.5101,750,473.7999,37494,473.703208
2026-08-11 18:55:00+00:00,473.41,473.71,473.2708,753,473.69,41806,473.456057
2026-08-11 18:56:00+00:00,473.33,473.4999,473.3201,582,473.47,22495,473.396899
2026-08-11 18:57:00+00:00,473.38,473.5252,473.27,601,473.4,26002,473.431496
2026-08-11 18:58:00+00:00,473.06,473.35,472.91,726,473.34,27772,473.132377
2026-08-11 18:59:00+00:00,472.79,473.23,472.75,653,473.16,33299,473.006763
2026-08-11 19:00:00+00:00,472.95,473.17,472.75,569,472.89,29201,472.911934
2026-08-11 19:01:00+00:00,472.73,473.4,472.6201,624,473.04,29507,473.032893
2026-08-11 19:02:00+00:00,472.96,473.16,472.72,673,472.84,29137,472.901193
2026-08-11 19:03:00+00:00,472.96,473.2302,472.96,613,472.96,30904,473.074114
2026-08-11 19:04:00+00:00,472.8499,473.035,472.71,829,473.015,41088,472.831557
2026-08-11 19:05:00+00:00,472.525,472.765,472.36,717,472.7,39061,472.509967
2026-08-11 19:06:00+00:00,472.19,472.6399,472.06,713,472.6022,29241,472.334513
2026-08-11 19:07:00+00:00,472.34,472.4274,471.9429,781,472.12,32607,472.177902
2026-08-11 19:08:00+00:00,472.35,472.69,472.26,650,472.26,27446,472.475878
2026-08-11 19:09:00+00:00,472.29,472.45,472.0501,556,472.335,21530,472.262583
2026-08-11 19:10:00+00:00,472.7,473.0,472.28,658,472.34,25810,472.71844
2026-08-11 19:11:00+00:00,472.905,472.93,472.6601,421,472.6601,14814,472.806741
2026-08-11 19:12:00+00:00,473.09,473.18,472.96,706,473.0,29458,473.070825
2026-08-11 19:13:00+00:00,473.75,473.77,473.1015,1008,473.15,45670,473.527065
2026-08-11 19:14:00+00:00,473.5455,473.87,473.26,723,473.8,37951,473.651536
2026-08-11 19:15:00+00:00,473.49,473.65,473.2834,600,473.495,22212,473.469373
2026-08-11 19:16:00+00:00,473.31,473.695,473.31,566,473.45,18185,473.504571
2026-08-11 19:17:00+00:00,473.9,473.935,473.36,781,473.36,26964,473.72298
2026-08-11 19:18:00+00:00,474.17,474.35,473.8484,1367,473.8511,66918,474.09799
2026-08-11 19:19:00+00:00,473.629,474.27,473.55,1051,474.2,44183,474.002341
2026-08-11 19:20:00+00:00,474.085,474.15,473.6,631,473.6,25329,473.821373
2026-08-11 19:21:00+00:00,474.535,474.77,474.07,993,474.185,47987,474.439299
2026-08-11 19:22:00+00:00,474.535,474.77,474.47,872,474.59,36976,474.603402
2026-08-11 19:23:00+00:00,474.0195,474.7,473.95,1090,474.53,50493,474.240316
2026-08-11 19:24:00+00:00,474.765,474.84,474.02,897,474.02,31616,474.543894
2026-08-11 19:25:00+00:00,474.21,474.85,474.2,803,474.76,35059,474.579623
2026-08-11 19:26:00+00:00,474.44,474.61,474.205,907,474.215,37381,474.422473
2026-08-11 19:27:00+00:00,474.385,474.6195,474.24,537,474.47,24741,474.413923
2026-08-11 19:28:00+00:00,474.35,474.44,474.08,910,474.395,41520,474.281431
2026-08-11 19:29:00+00:00,474.79,474.99,474.39,1452,474.39,69597,474.820018
2026-08-11 19:30:00+00:00,475.85,475.85,474.77,2738,474.805,139127,475.332578
2026-08-11 19:31:00+00:00,475.5588,475.99,475.4925,1028,475.775,68370,475.709226
2026-08-11 19:32:00+00:00,475.31,475.65,475.14,780,475.62,45069,475.446425
2026-08-11 19:33:00+00:00,474.815,475.305,474.8,874,475.285,34528,475.052503
2026-08-11 19:34:00+00:00,475.075,475.39,474.8,968,474.815,47840,475.087065
2026-08-11 19:35:00+00:00,474.6,475.06,474.6,718,475.0,40136,474.83701
2026-08-11 19:36:00+00:00,475.35,475.35,474.51,939,474.51,36460,474.89759
2026-08-11 19:37:00+00:00,475.73,475.8,475.285,1031,475.285,42850,475.665404
2026-08-11 19:38:00+00:00,475.71,475.82,475.5401,1003,475.74,46749,475.66546
2026-08-11 19:39:00+00:00,475.8,475.8,475.47,977,475.7225,43178,475.648892
2026-08-11 19:40:00+00:00,475.8399,475.84,475.27,1412,475.8,61270,475.606244
2026-08-11 19:41:00+00:00,475.39,475.84,475.34,875,475.71,39397,475.557438
2026-08-11 19:42:00+00:00,474.97,475.4754,474.92,716,475.35,26263,475.246635
2026-08-11 19:43:00+00:00,474.925,475.395,474.9,715,474.92,29317,475.117
2026-08-11 19:44:00+00:00,474.745,475.25,474.6605,951,474.93,37634,475.005236
2026-08-11 19:45:00+00:00,474.425,474.9973,474.27,687,474.68,31295,474.498144
2026-08-11 19:46:00+00:00,474.12,474.35,473.85,1314,474.34,55337,474.072131
2026-08-11 19:47:00+00:00,474.48,474.51,474.13,796,474.29,30115,474.372898
2026-08-11 19:48:00+00:00,474.46,474.6,474.3418,733,474.52,25583,474.504047
2026-08-11 19:49:00+00:00,474.59,474.93,474.37,895,474.49,32161,474.649937
2026-08-11 19:50:00+00:00,474.865,475.22,473.77,1797,474.74,76930,474.589845
2026-08-11 19:51:00+00:00,474.885,474.9638,474.5188,1076,474.829,39352,474.729168
2026-08-11 19:52:00+00:00,474.74,474.99,474.64,765,474.84,23334,474.795299
2026-08-11 19:53:00+00:00,473.99,474.7495,473.906,1364,474.67,54087,474.233056
2026-08-11 19:54:00+00:00,474.5,474.69,473.95,1692,473.95,58228,474.425296
2026-08-11 19:55:00+00:00,475.0,475.01,474.2,2154,474.38,87877,474.718375
2026-08-11 19:56:00+00:00,474.38,474.94,474.22,1665,474.85,52581,474.508224
2026-08-11 19:57:00+00:00,473.609,474.47,473.29,2754,474.41,117647,473.672559
2026-08-11 19:58:00+00:00,474.13,474.1506,473.62,3697,473.68,119202,473.903988
2026-08-11 19:59:00+00:00,474.4,474.44,473.56,6855,474.13,241541,473.939419
2026-08-11 20:00:00+00:00,473.68,474.32,473.5,265,474.32,1899848,474.31924
2026-08-11 20:01:00+00:00,473.75,473.75,473.67,78,473.7,1947,473.706072
2026-08-11 20:02:00+00:00,473.849,473.849,473.7,83,473.7,302565,473.748485
2026-08-11 20:03:00+00:00,473.7106,473.75,473.6,101,473.6,2792,473.663239
2026-08-11 20:04:00+00:00,473.28,473.6,473.28,108,473.48,1449,473.42636
2026-08-11 20:05:00+00:00,473.85,473.85,473.2995,59,473.2995,1475,473.420541
2026-08-11 20:06:00+00:00,473.5,473.5,473.5,34,473.5,2373,473.5
2026-08-11 20:07:00+00:00,473.85,473.85,473.85,34,473.85,465,473.85
2026-08-11 20:08:00+00:00,474.0,474.0,474.0,51,474.0,6285,474.0
2026-08-11 20:09:00+00:00,473.88,473.88,473.88,48,473.88,665,473.88
2026-08-11 20:10:00+00:00,473.3,473.81,473.3,102,473.81,1896,473.517052
2026-08-11 20:11:00+00:00,473.3,473.66,473.3,45,473.66,520,473.449063
2026-08-11 20:12:00+00:00,473.8389,473.8389,473.8364,39,473.8364,595,473.837758
2026-08-11 20:13:00+00:00,473.3,473.3,473.3,25,473.3,893,473.3
2026-08-11 20:14:00+00:00,473.54,473.54,473.54,37,473.54,818,473.54
2026-08-11 20:15:00+00:00,473.8,473.8,473.5,44,473.5,642,473.722078
2026-08-11 20:16:00+00:00,473.715,473.715,473.7,36,473.715,1007,473.705803
2026-08-11 20:17:00+00:00,474.0,474.0,473.94,93,473.95,2555,473.990535
2026-08-11 20:19:00+00:00,473.91,473.91,473.71,49,473.72,798,473.78
2026-08-11 20:20:00+00:00,474.0,474.0,473.53,37,473.53,732,473.854489
2026-08-11 20:21:00+00:00,474.12,474.12,473.8,37,473.8,774,473.96
2026-08-11 20:22:00+00:00,474.12,474.12,474.12,63,474.12,888,474.12
2026-08-11 20:23:00+00:00,474.32,474.32,474.32,44,474.32,10921,474.32
2026-08-11 20:26:00+00:00,474.29,474.29,474.29,21,474.29,552,474.29
2026-08-11 20:27:00+00:00,474.3,474.3,473.91,47,473.91,1772,474.105
2026-08-11 20:28:00+00:00,474.99,474.99,474.5,78,474.5,1582,474.78031
2026-08-11 20:29:00+00:00,474.04,474.04,474.04,42,474.04,699,474.04
2026-08-11 20:30:00+00:00,474.5057,474.5057,474.5057,40,474.5057,1480,474.5057
2026-08-11 20:31:00+00:00,474.5,474.5,474.5,32,474.5,656,474.5
2026-08-11 20:36:00+00:00,474.1,474.1,474.1,22,474.1,629,474.1
2026-08-11 20:37:00+00:00,474.05,474.08,474.05,37,474.08,642,474.063333
2026-08-11 20:40:00+00:00,473.7929,474.9,473.7929,132,473.801,2923,474.25413
2026-08-11 20:41:00+00:00,474.05,474.06,474.05,25,474.06,507,474.05277
2026-08-11 20:44:00+00:00,474.32,474.32,474.32,23,474.32,395,474.32
2026-08-11 20:45:00+00:00,474.32,474.32,474.32,27,474.32,658,474.32
2026-08-11 20:47:00+00:00,473.8,473.8,473.79,35,473.79,376,473.795
2026-08-11 20:48:00+00:00,473.9,473.9,473.7456,54,473.7456,1044,473.844857
2026-08-11 20:49:00+00:00,473.9473,473.9473,473.8,26,473.8,573,473.910475
2026-08-11 20:51:00+00:00,473.7,473.728,473.7,23,473.728,428,473.714
2026-08-11 20:52:00+00:00,473.6634,473.9473,473.6634,66,473.7656,2196,473.721444
2026-08-11 20:56:00+00:00,473.66,473.66,473.66,29,473.66,595,473.66
2026-08-11 20:59:00+00:00,473.6,473.6617,473.6,90,473.6617,849,473.63085
2026-08-11 21:04:00+00:00,473.5825,473.5825,473.5825,8,473.5825,128,473.5825
2026-08-11 21:05:00+00:00,473.5931,473.5931,473.5931,14,473.5931,346,473.5931
2026-08-11 21:09:00+00:00,473.62,473.62,473.62,17,473.62,508,473.62
2026-08-11 21:10:00+00:00,473.92,473.92,473.56,50,473.56,802,473.728618
2026-08-11 21:15:00+00:00,473.64,473.64,473.64,30,473.64,273,473.64
2026-08-11 21:19:00+00:00,473.55,473.55,473.55,28,473.55,319,473.55
2026-08-11 21:24:00+00:00,473.5855,473.5855,473.5855,21,473.5855,397,473.5855
2026-08-11 21:29:00+00:00,473.8,473.8,473.69,53,473.69,1699,473.745
2026-08-11 21:33:00+00:00,473.78,473.78,473.78,21,473.78,1165,473.78
2026-08-11 21:34:00+00:00,473.5863,473.6114,473.5863,9,473.6114,711,473.602991
2026-08-11 21:38:00+00:00,473.55,473.55,473.55,16,473.55,411,473.55
2026-08-11 21:43:00+00:00,473.563,473.563,473.56,14,473.56,287,473.5615
2026-08-11 21:45:00+00:00,473.57,473.57,473.57,11,473.57,245,473.57
2026-08-11 21:47:00+00:00,473.55,473.55,473.5,43,473.5,2123,473.546325
2026-08-11 21:50:00+00:00,473.7,473.7,473.7,7,473.7,216,473.7
2026-08-11 21:51:00+00:00,473.7,473.7,473.7,7,473.7,280,473.7
2026-08-11 21:54:00+00:00,473.52,473.52,473.52,8,473.52,777,473.52
2026-08-11 21:56:00+00:00,473.4703,473.4703,473.4703,10,473.4703,417,473.4703
2026-08-11 21:58:00+00:00,473.65,473.65,473.5,32,473.5,2363,473.641024
2026-08-11 22:01:00+00:00,473.46,473.46,473.45,28,473.45,719,473.456952
2026-08-11 22:03:00+00:00,473.45,473.45,473.45,25,473.45,806,473.45
2026-08-11 22:04:00+00:00,473.39,473.45,473.375,41,473.45,2875,473.437186
2026-08-11 22:05:00+00:00,473.39,473.39,473.39,15,473.39,171,473.39
2026-08-11 22:07:00+00:00,473.35,473.75,473.35,34,473.49,2577,473.63039
2026-08-11 22:12:00+00:00,473.56,473.56,473.56,17,473.56,326,473.56
2026-08-11 22:13:00+00:00,473.74,473.74,473.74,17,473.74,780,473.74
2026-08-11 22:14:00+00:00,473.8,473.8,473.8,12,473.8,376,473.8
2026-08-11 22:18:00+00:00,473.8,473.8,473.8,13,473.8,164,473.8
2026-08-11 22:19:00+00:00,473.56,473.56,473.56,21,473.56,1124,473.56
2026-08-11 22:22:00+00:00,473.29,473.29,473.29,10,473.29,200,473.29
2026-08-11 22:23:00+00:00,473.6305,473.6305,473.6305,8,473.6305,162,473.6305
2026-08-11 22:24:00+00:00,473.64,473.64,473.64,8,473.64,123,473.64
2026-08-11 22:26:00+00:00,473.825,473.85,473.825,27,473.85,889,473.843386
2026-08-11 22:27:00+00:00,473.85,473.85,473.85,6,473.85,254,473.85
2026-08-11 22:30:00+00:00,474.0,474.0,473.4577,30,473.4577,1365,473.808122
2026-08-11 22:31:00+00:00,473.35,474.0,473.35,31,474.0,1351,473.94
2026-08-11 22:35:00+00:00,473.47,473.62,473.47,20,473.62,548,473.5325
2026-08-11 22:36:00+00:00,473.41,473.8917,473.41,18,473.8917,1102,473.6226
2026-08-11 22:45:00+00:00,473.51,473.51,473.51,29,473.51,473,473.51
2026-08-11 22:49:00+00:00,473.78,473.78,473.78,29,473.78,466,473.78
2026-08-11 22:50:00+00:00,473.83,473.83,473.83,17,473.83,536,473.83
2026-08-11 22:53:00+00:00,473.83,473.83,473.83,18,473.83,270,473.83
2026-08-11 22:54:00+00:00,473.83,473.83,473.83,13,473.83,527,473.83
2026-08-11 22:57:00+00:00,473.9571,473.9571,473.9571,15,473.9571,188,473.9571
2026-08-11 22:58:00+00:00,473.9612,474.0,473.9612,48,474.0,2092,473.997898
2026-08-11 23:02:00+00:00,473.9776,473.9776,473.9776,11,473.9776,160,473.9776
2026-08-11 23:03:00+00:00,474.0,474.0,474.0,26,474.0,280,474.0
2026-08-11 23:05:00+00:00,474.0,474.0,474.0,14,474.0,253,474.0
2026-08-11 23:09:00+00:00,473.99,473.99,473.99,14,473.99,151,473.99
2026-08-11 23:16:00+00:00,473.83,473.83,473.83,18,473.83,1181,473.83
2026-08-11 23:17:00+00:00,473.9568,473.9568,473.9568,7,473.9568,119,473.9568
2026-08-11 23:18:00+00:00,473.8654,473.8654,473.8654,5,473.8654,131,473.8654
2026-08-11 23:19:00+00:00,474.0,474.0,474.0,9,474.0,997,474.0
2026-08-11 23:21:00+00:00,473.865,473.865,473.86,14,473.86,402,473.861773
2026-08-11 23:24:00+00:00,473.5003,473.74,473.5003,23,473.74,502,473.6001
2026-08-11 23:25:00+00:00,473.8,473.8,473.8,6,473.8,212,473.8
2026-08-11 23:27:00+00:00,473.6,473.6,473.6,26,473.6,2738,473.6
2026-08-11 23:29:00+00:00,473.65,473.65,473.65,11,473.65,1994,473.65
2026-08-11 23:30:00+00:00,473.6954,473.6954,473.6954,8,473.6954,207,473.6954
2026-08-11 23:32:00+00:00,473.531,473.531,473.531,7,473.531,120,473.531
2026-08-11 23:33:00+00:00,473.65,473.65,473.65,11,473.65,438,473.65
2026-08-11 23:34:00+00:00,473.5231,473.5231,473.5231,7,473.5231,123,473.5231
2026-08-11 23:35:00+00:00,473.5,473.5,473.5,9,473.5,280,473.5
2026-08-11 23:37:00+00:00,473.68,473.68,473.68,8,473.68,156,473.68
2026-08-11 23:39:00+00:00,473.62,473.62,473.62,24,473.62,366,473.62
2026-08-11 23:41:00+00:00,473.5425,473.5425,473.5425,37,473.5425,331,473.5425
2026-08-11 23:45:00+00:00,473.544,473.544,473.544,18,473.544,238,473.544
2026-08-11 23:50:00+00:00,473.72,473.72,473.72,24,473.72,409,473.72
2026-08-11 23:51:00+00:00,473.81,473.81,473.81,5,473.81,135,473.81
2026-08-11 23:52:00+00:00,473.68,473.68,473.68,8,473.68,214,473.68
2026-08-11 23:53:00+00:00,473.7,473.8,473.7,5,473.8,308,473.733333
2026-08-11 23:55:00+00:00,473.5405,473.59,473.5405,22,473.59,618,473.578568
2026-08-11 23:56:00+00:00,474.25,474.25,473.8,49,473.8,3181,474.200204
2026-08-11 23:57:00+00:00,474.95,474.95,474.215,63,474.215,1646,474.804293
2026-08-11 23:58:00+00:00,474.8316,475.0,474.8316,45,474.95,2326,474.955773
2026-08-11 23:59:00+00:00,475.0,475.0,474.5568,88,474.93,4565,474.917906
