Volume,vw,Open,Close,High,Low,timestamp,n
1148.0,9.5822,9.59,9.58,9.59,9.58,2026-08-10 08:02:00,3
313.0,9.8203,9.82,9.82,9.82,9.82,2026-08-10 08:36:00,2
120.0,9.7394,9.7394,9.7394,9.7394,9.7394,2026-08-10 08:55:00,1
100.231896,9.66,9.66,9.66,9.66,9.66,2026-08-10 09:35:00,2
500.0,9.66,9.66,9.66,9.66,9.66,2026-08-10 09:48:00,1
100.0,9.75,9.75,9.75,9.75,9.75,2026-08-10 10:06:00,1
100.0,9.6405,9.6405,9.6405,9.6405,9.6405,2026-08-10 10:25:00,1
200.0,9.64,9.64,9.64,9.64,9.64,2026-08-10 10:38:00,1
100.0,9.64,9.64,9.64,9.64,9.64,2026-08-10 10:44:00,1
1092.0,9.5846,9.6,9.58,9.6,9.58,2026-08-10 11:11:00,2
5319.231896,9.5257,9.58,9.58,9.58,9.5,2026-08-10 11:12:00,15
1203.231896,9.8498,9.79,9.9,9.9,9.79,2026-08-10 11:39:00,17
702.0,9.7809,9.79,9.7815,9.79,9.769,2026-08-10 11:40:00,3
485.0,9.5941,9.6,9.59,9.6,9.59,2026-08-10 11:48:00,2
150.0,9.6,9.58,9.58,9.58,9.58,2026-08-10 11:50:00,2
520.0,9.6538,9.652,9.652,9.652,9.652,2026-08-10 12:01:00,2
2032.0,9.699,9.7,9.7,9.7,9.7,2026-08-10 12:26:00,2
255.0,9.5278,9.52,9.52,9.52,9.52,2026-08-10 12:50:00,3
132.231896,9.5494,9.5498,9.5498,9.5498,9.5498,2026-08-10 13:10:00,3
1000.0,9.55,9.55,9.55,9.55,9.55,2026-08-10 13:11:00,1
300.0,9.4883,9.49,9.49,9.49,9.49,2026-08-10 13:28:00,4
67619.539549,9.4717,9.47,9.41,9.55,9.4,2026-08-10 13:30:00,109
3698.0,9.3512,9.4,9.33,9.4,9.27,2026-08-10 13:31:00,56
11560.0,9.3634,9.36,9.29,9.4,9.28,2026-08-10 13:32:00,62
6605.19,9.3383,9.28,9.34,9.3999,9.28,2026-08-10 13:33:00,48
38687.359,9.3531,9.34,9.35,9.405,9.29,2026-08-10 13:34:00,232
6934.96023,9.3921,9.35,9.4995,9.4995,9.34,2026-08-10 13:35:00,102
2787.65946,9.4634,9.4867,9.45,9.4867,9.45,2026-08-10 13:36:00,14
32018.924017,9.4504,9.48,9.5068,9.5151,9.4,2026-08-10 13:37:00,165
6076.24136,9.4076,9.46,9.28,9.46,9.28,2026-08-10 13:38:00,53
6197.423539,9.2548,9.25,9.26,9.26,9.24,2026-08-10 13:39:00,36
8863.0,9.3357,9.25,9.305,9.305,9.22,2026-08-10 13:40:00,30
1869.745358,9.2883,9.295,9.26,9.295,9.26,2026-08-10 13:41:00,31
2645.0,9.2871,9.29,9.26,9.2974,9.26,2026-08-10 13:42:00,49
16082.246236,9.2045,9.25,9.2,9.25,9.18,2026-08-10 13:43:00,148
6512.0,9.2387,9.215,9.2,9.255,9.2,2026-08-10 13:44:00,83
2161.622164,9.2308,9.22,9.2105,9.25,9.2105,2026-08-10 13:45:00,46
12828.104864,9.2764,9.2568,9.3,9.3,9.24,2026-08-10 13:46:00,53
6449.41988,9.3374,9.3,9.36,9.36,9.3,2026-08-10 13:47:00,127
2898.405422,9.305,9.36,9.38,9.38,9.36,2026-08-10 13:48:00,55
10247.2068,9.3993,9.4099,9.41,9.4399,9.4,2026-08-10 13:49:00,57
7513.924525,9.4408,9.4287,9.48,9.48,9.42,2026-08-10 13:50:00,86
5250.24136,9.4541,9.5,9.45,9.5,9.43,2026-08-10 13:51:00,68
9159.242553,9.4194,9.44,9.4,9.47,9.4,2026-08-10 13:52:00,99
9628.782757,9.3945,9.38,9.37,9.4157,9.37,2026-08-10 13:53:00,75
10502.0,9.4325,9.405,9.435,9.45,9.405,2026-08-10 13:54:00,48
27674.497,9.4534,9.43,9.43,9.51,9.43,2026-08-10 13:55:00,124
7548.0,9.4545,9.44,9.48,9.48,9.43,2026-08-10 13:56:00,84
3566.0,9.538,9.53,9.585,9.585,9.525,2026-08-10 13:57:00,85
14899.991079,9.582,9.585,9.5454,9.62,9.52,2026-08-10 13:58:00,121
5891.104931,9.5438,9.52,9.5598,9.5598,9.52,2026-08-10 13:59:00,90
3657.381799,9.5183,9.53,9.54,9.5561,9.49,2026-08-10 14:00:00,90
6733.0,9.5378,9.55,9.55,9.55,9.51,2026-08-10 14:01:00,98
6765.782031,9.5644,9.56,9.52,9.59,9.52,2026-08-10 14:02:00,113
5711.0,9.4951,9.5,9.515,9.515,9.47,2026-08-10 14:03:00,66
7942.0,9.5071,9.516,9.5,9.53,9.485,2026-08-10 14:04:00,67
6776.729559,9.5185,9.51,9.51,9.54,9.51,2026-08-10 14:05:00,57
7799.0,9.5349,9.52,9.54,9.54,9.52,2026-08-10 14:06:00,65
28695.0,9.5501,9.53,9.54,9.5697,9.51,2026-08-10 14:07:00,166
46759.236581,9.4715,9.52,9.41,9.535,9.39,2026-08-10 14:08:00,350
7385.0,9.4208,9.42,9.43,9.46,9.39,2026-08-10 14:09:00,101
5040.0,9.4777,9.445,9.48,9.49,9.445,2026-08-10 14:10:00,71
11981.0,9.4168,9.47,9.41,9.47,9.385,2026-08-10 14:11:00,138
6321.0,9.4197,9.42,9.4,9.45,9.4,2026-08-10 14:12:00,111
11754.462,9.4116,9.4399,9.3956,9.4399,9.39,2026-08-10 14:13:00,160
856.0,9.4264,9.4,9.4,9.4,9.4,2026-08-10 14:14:00,22
6009.0,9.3815,9.38,9.37,9.4,9.37,2026-08-10 14:15:00,93
5165.24136,9.3734,9.37,9.4,9.4,9.35,2026-08-10 14:16:00,100
1521.94654,9.3868,9.39,9.38,9.4,9.38,2026-08-10 14:17:00,43
7208.37645,9.3634,9.37,9.3695,9.37,9.35,2026-08-10 14:18:00,67
1219.0,9.3659,9.355,9.34,9.355,9.34,2026-08-10 14:19:00,80
7269.0,9.3693,9.35,9.375,9.38,9.35,2026-08-10 14:20:00,123
2420.0,9.3866,9.375,9.39,9.39,9.375,2026-08-10 14:21:00,57
4779.25,9.3719,9.38,9.36,9.39,9.36,2026-08-10 14:22:00,72
46062.471466,9.2997,9.36,9.27,9.36,9.26,2026-08-10 14:23:00,320
14816.0,9.2946,9.28,9.2901,9.3146,9.27,2026-08-10 14:24:00,130
16593.0,9.2988,9.31,9.29,9.32,9.285,2026-08-10 14:25:00,115
17561.246236,9.2584,9.29,9.26,9.29,9.24,2026-08-10 14:26:00,179
11265.138,9.2852,9.26,9.275,9.3,9.26,2026-08-10 14:27:00,123
21987.0,9.2351,9.2564,9.22,9.265,9.21,2026-08-10 14:28:00,200
7242.0,9.2384,9.225,9.27,9.27,9.225,2026-08-10 14:29:00,138
28941.0,9.2529,9.265,9.25,9.27,9.24,2026-08-10 14:30:00,331
12555.374682,9.2577,9.2676,9.2797,9.28,9.25,2026-08-10 14:31:00,158
3208.0,9.2847,9.28,9.3091,9.3091,9.28,2026-08-10 14:32:00,109
4660.207455,9.2774,9.3,9.26,9.3,9.25,2026-08-10 14:33:00,91
6844.0,9.2492,9.25,9.25,9.26,9.24,2026-08-10 14:34:00,110
4774.487076,9.2337,9.24,9.23,9.24,9.22,2026-08-10 14:35:00,98
7421.980373,9.2404,9.23,9.23,9.25,9.2205,2026-08-10 14:36:00,169
6836.108224,9.2323,9.23,9.25,9.25,9.2199,2026-08-10 14:37:00,131
6451.0,9.2106,9.24,9.18,9.24,9.18,2026-08-10 14:38:00,83
6732.574274,9.1717,9.1964,9.14,9.2,9.14,2026-08-10 14:39:00,109
9996.0,9.1821,9.155,9.18,9.19,9.155,2026-08-10 14:40:00,145
5403.0,9.1869,9.19,9.15,9.2,9.15,2026-08-10 14:41:00,77
3285.0,9.1746,9.16,9.1736,9.1736,9.16,2026-08-10 14:42:00,77
12613.402877,9.1547,9.165,9.19,9.19,9.14,2026-08-10 14:43:00,140
4128.0,9.1878,9.19,9.19,9.19,9.1861,2026-08-10 14:44:00,121
4552.0,9.1901,9.19,9.21,9.21,9.18,2026-08-10 14:45:00,135
3618.978792,9.1982,9.21,9.21,9.21,9.195,2026-08-10 14:46:00,89
3444.543099,9.2067,9.2117,9.18,9.2199,9.18,2026-08-10 14:47:00,69
921.48,9.18,9.1754,9.1754,9.1754,9.1754,2026-08-10 14:48:00,41
6468.618673,9.168,9.17,9.165,9.17,9.16,2026-08-10 14:49:00,85
15243.0,9.1903,9.17,9.19,9.21,9.17,2026-08-10 14:50:00,143
5823.0,9.1748,9.195,9.155,9.195,9.155,2026-08-10 14:51:00,85
5996.0,9.1494,9.155,9.14,9.155,9.13,2026-08-10 14:52:00,73
6324.0,9.1319,9.145,9.11,9.145,9.11,2026-08-10 14:53:00,132
15739.0,9.1047,9.115,9.105,9.115,9.095,2026-08-10 14:54:00,167
17270.0,9.1134,9.105,9.11,9.12,9.105,2026-08-10 14:55:00,142
13187.0,9.1023,9.115,9.1,9.115,9.08,2026-08-10 14:56:00,209
7350.785107,9.1108,9.1,9.11,9.12,9.1,2026-08-10 14:57:00,133
12974.0,9.1102,9.115,9.105,9.12,9.1,2026-08-10 14:58:00,115
9697.545075,9.1111,9.11,9.1188,9.12,9.1,2026-08-10 14:59:00,180
4413.0,9.1114,9.115,9.11,9.12,9.11,2026-08-10 15:00:00,111
4316.0,9.1171,9.11,9.1201,9.13,9.11,2026-08-10 15:01:00,74
1297.1085,9.1177,9.12,9.12,9.12,9.12,2026-08-10 15:02:00,47
3098.125084,9.1241,9.12,9.125,9.13,9.12,2026-08-10 15:03:00,75
2367.0,9.1281,9.13,9.13,9.13,9.13,2026-08-10 15:04:00,72
3258.0,9.1333,9.14,9.13,9.14,9.13,2026-08-10 15:05:00,95
936.0,9.1218,9.12,9.12,9.12,9.12,2026-08-10 15:06:00,34
3104.0,9.123,9.12,9.12,9.14,9.12,2026-08-10 15:07:00,50
3847.0,9.1096,9.12,9.1,9.12,9.1,2026-08-10 15:08:00,79
3348.816285,9.0901,9.09,9.085,9.095,9.08,2026-08-10 15:09:00,57
5795.49457,9.0936,9.085,9.1,9.1,9.085,2026-08-10 15:10:00,99
4998.0,9.1045,9.1,9.1,9.12,9.09,2026-08-10 15:11:00,84
1832.0,9.1022,9.1,9.1,9.1,9.1,2026-08-10 15:12:00,62
2631.0,9.0915,9.09,9.09,9.09,9.085,2026-08-10 15:13:00,77
1857.0,9.1006,9.1,9.105,9.105,9.1,2026-08-10 15:14:00,65
2787.21,9.1125,9.11,9.12,9.12,9.11,2026-08-10 15:15:00,72
2072.189309,9.1186,9.125,9.11,9.1254,9.11,2026-08-10 15:16:00,54
5374.0,9.0985,9.1,9.09,9.1,9.085,2026-08-10 15:17:00,110
7645.48901,9.0844,9.08,9.095,9.1,9.075,2026-08-10 15:18:00,122
2316.0,9.106,9.1,9.11,9.115,9.1,2026-08-10 15:19:00,69
4869.0,9.1146,9.115,9.125,9.13,9.115,2026-08-10 15:20:00,70
2749.0,9.1171,9.12,9.115,9.125,9.115,2026-08-10 15:21:00,70
3236.0,9.1196,9.12,9.13,9.13,9.12,2026-08-10 15:22:00,67
12622.2,9.0967,9.13,9.09,9.13,9.07,2026-08-10 15:23:00,152
5938.642905,9.0854,9.08,9.09,9.09,9.075,2026-08-10 15:24:00,87
2824.0,9.0927,9.09,9.1,9.1,9.085,2026-08-10 15:25:00,61
1813.0,9.0981,9.1,9.095,9.1,9.09,2026-08-10 15:26:00,50
2771.0,9.0998,9.1,9.1,9.1,9.1,2026-08-10 15:27:00,59
2262.29279,9.0989,9.1,9.1,9.1,9.1,2026-08-10 15:28:00,63
18506.0,9.109,9.1,9.09,9.12,9.09,2026-08-10 15:29:00,210
1320.0,9.1012,9.1,9.1,9.1,9.1,2026-08-10 15:30:00,40
12555.202,9.0692,9.1,9.05,9.1,9.05,2026-08-10 15:31:00,159
4264.0,9.0638,9.055,9.07,9.07,9.055,2026-08-10 15:32:00,97
3108.247092,9.0692,9.07,9.0617,9.07,9.0617,2026-08-10 15:33:00,51
5987.0,9.0698,9.065,9.075,9.075,9.065,2026-08-10 15:34:00,71
1800.987376,9.0739,9.075,9.075,9.075,9.075,2026-08-10 15:35:00,52
4466.752314,9.0691,9.07,9.06,9.075,9.06,2026-08-10 15:36:00,72
2599.0,9.0607,9.06,9.06,9.06,9.06,2026-08-10 15:37:00,41
5510.0,9.0703,9.07,9.07,9.07,9.06,2026-08-10 15:38:00,68
3836.323,9.0719,9.07,9.07,9.07,9.065,2026-08-10 15:39:00,49
4381.0,9.0745,9.07,9.085,9.085,9.07,2026-08-10 15:40:00,78
1820.879181,9.0797,9.085,9.085,9.085,9.0819,2026-08-10 15:41:00,61
4508.0,9.088,9.0899,9.0882,9.095,9.0882,2026-08-10 15:42:00,62
3576.0,9.0784,9.08,9.08,9.08,9.075,2026-08-10 15:43:00,72
2258.0,9.085,9.08,9.09,9.09,9.08,2026-08-10 15:44:00,57
1952.0,9.0755,9.08,9.07,9.08,9.07,2026-08-10 15:45:00,54
2907.0,9.064,9.07,9.05,9.07,9.05,2026-08-10 15:46:00,64
1160.0,9.0688,9.07,9.06,9.07,9.06,2026-08-10 15:47:00,32
21528.027493,9.0449,9.07,9.0329,9.07,9.02,2026-08-10 15:48:00,213
3605.0,9.0469,9.04,9.04,9.04,9.035,2026-08-10 15:49:00,72
4965.108033,9.0323,9.04,9.03,9.04,9.03,2026-08-10 15:50:00,75
2440.23,9.0418,9.04,9.035,9.04,9.035,2026-08-10 15:51:00,51
2896.0,9.0457,9.04,9.05,9.05,9.04,2026-08-10 15:52:00,51
6582.11,9.0455,9.05,9.04,9.05,9.04,2026-08-10 15:53:00,84
923.0,9.0417,9.04,9.04,9.04,9.04,2026-08-10 15:54:00,45
4850.15,9.0396,9.04,9.04,9.04,9.0382,2026-08-10 15:55:00,76
6105.51459,9.0427,9.0377,9.05,9.05,9.0377,2026-08-10 15:56:00,72
2243.552836,9.0463,9.03,9.05,9.05,9.03,2026-08-10 15:57:00,79
1558.0,9.0487,9.06,9.055,9.06,9.055,2026-08-10 15:58:00,45
2280.0,9.0555,9.055,9.06,9.06,9.055,2026-08-10 15:59:00,55
5117.0,9.06,9.06,9.08,9.08,9.05,2026-08-10 16:00:00,114
1950.25,9.0635,9.07,9.065,9.07,9.0633,2026-08-10 16:01:00,59
6301.0,9.0761,9.07,9.085,9.0899,9.07,2026-08-10 16:02:00,67
61622.0,9.0868,9.0851,9.07,9.09,9.06,2026-08-10 16:03:00,214
8313.0,9.0629,9.06,9.06,9.07,9.05,2026-08-10 16:04:00,194
4944.56007,9.0751,9.07,9.08,9.08,9.07,2026-08-10 16:05:00,80
1498.0,9.0757,9.07,9.0799,9.0799,9.07,2026-08-10 16:06:00,37
1175.0,9.0644,9.06,9.05,9.06,9.05,2026-08-10 16:07:00,45
2282.665122,9.0606,9.05,9.05,9.0606,9.05,2026-08-10 16:08:00,54
25342.6,9.0233,9.04,9.03,9.04,9.02,2026-08-10 16:09:00,295
34814.158,9.0608,9.035,9.04,9.08,9.035,2026-08-10 16:10:00,251
11669.0,9.0345,9.04,9.0217,9.04,9.02,2026-08-10 16:11:00,168
10213.0,9.0323,9.0299,9.05,9.05,9.02,2026-08-10 16:12:00,92
2557.0,9.0493,9.056,9.05,9.056,9.048,2026-08-10 16:13:00,88
2488.47,9.0584,9.0728,9.08,9.0859,9.0728,2026-08-10 16:14:00,63
3396.0,9.0761,9.08,9.0761,9.09,9.0761,2026-08-10 16:15:00,105
7936.0,9.092,9.08,9.095,9.1,9.08,2026-08-10 16:16:00,128
2740.064,9.0864,9.09,9.09,9.095,9.085,2026-08-10 16:17:00,85
2611.0,9.076,9.088,9.06,9.088,9.06,2026-08-10 16:18:00,93
1944.0,9.0629,9.06,9.05,9.0671,9.05,2026-08-10 16:19:00,75
5699.0,9.0606,9.05,9.0664,9.0664,9.05,2026-08-10 16:20:00,76
11049.0,9.065,9.065,9.07,9.08,9.05,2026-08-10 16:21:00,111
3360.0,9.0692,9.075,9.07,9.075,9.065,2026-08-10 16:22:00,53
5251.500242,9.0745,9.075,9.075,9.075,9.075,2026-08-10 16:23:00,40
55094.808129,9.0112,9.075,9.021,9.0762,8.99,2026-08-10 16:24:00,471
3466.254,9.0342,9.0299,9.04,9.04,9.0282,2026-08-10 16:25:00,81
29015.0,9.0137,9.04,8.97,9.04,8.97,2026-08-10 16:26:00,218
4528.113201,8.9854,8.97,8.99,8.99,8.97,2026-08-10 16:27:00,67
2132.0,8.9943,8.99,8.99,8.99,8.99,2026-08-10 16:28:00,49
7131.5,8.9957,8.985,9.01,9.01,8.985,2026-08-10 16:29:00,82
2505.0,9.0048,9.01,9.01,9.01,9.0,2026-08-10 16:30:00,64
4940.222138,8.9946,9.01,8.99,9.02,8.98,2026-08-10 16:31:00,100
12694.0,8.958,8.97,8.965,8.98,8.93,2026-08-10 16:32:00,118
2106.0,8.9693,8.9611,8.945,8.9611,8.945,2026-08-10 16:33:00,54
5206.0,8.9638,8.95,8.95,8.95,8.94,2026-08-10 16:34:00,80
4814.0,8.9651,8.96,8.96,8.97,8.96,2026-08-10 16:35:00,90
2124.013377,8.9724,8.97,8.978,8.98,8.96,2026-08-10 16:36:00,59
3250.0,8.9771,8.98,8.99,8.99,8.97,2026-08-10 16:37:00,61
3308.0,8.9852,8.99,8.98,8.99,8.98,2026-08-10 16:38:00,84
2537.0,8.991,8.99,8.9919,9.0,8.99,2026-08-10 16:39:00,61
2232.111,8.9945,9.0,8.995,9.0,8.99,2026-08-10 16:40:00,88
3731.806537,9.0007,8.995,9.0,9.01,8.995,2026-08-10 16:41:00,73
6167.0,8.9984,9.0,9.01,9.01,8.99,2026-08-10 16:42:00,125
1930.0,8.9968,9.0,9.0,9.0,9.0,2026-08-10 16:43:00,85
1361.0,8.9959,9.0,8.995,9.0,8.995,2026-08-10 16:44:00,48
4470.0,8.9989,9.0,9.005,9.01,9.0,2026-08-10 16:45:00,90
1861.7149,9.0116,9.01,9.02,9.02,9.01,2026-08-10 16:46:00,53
5395.0,9.0298,9.02,9.04,9.04,9.02,2026-08-10 16:47:00,69
5156.0,9.0311,9.035,9.02,9.04,9.02,2026-08-10 16:48:00,98
1447.0,9.0176,9.015,9.0164,9.0164,9.015,2026-08-10 16:50:00,46
2300.537694,9.0175,9.02,9.015,9.02,9.015,2026-08-10 16:51:00,47
5365.015971,9.0211,9.015,9.03,9.03,9.015,2026-08-10 16:52:00,83
34110.0,9.0266,9.02,9.0382,9.045,9.02,2026-08-10 16:53:00,185
4716.74947,9.0475,9.04,9.06,9.06,9.04,2026-08-10 16:55:00,76
2361.0,9.0578,9.06,9.065,9.07,9.06,2026-08-10 16:56:00,52
3768.0,9.0705,9.07,9.075,9.0793,9.07,2026-08-10 16:57:00,74
7836.744512,9.0688,9.07,9.07,9.075,9.07,2026-08-10 16:58:00,81
701.0,9.0564,9.08,9.08,9.08,9.08,2026-08-10 16:59:00,23
1856.129541,9.0599,9.06,9.06,9.06,9.06,2026-08-10 17:00:00,45
8822.0,9.0458,9.06,9.03,9.06,9.03,2026-08-10 17:01:00,130
754.0,9.0423,9.035,9.035,9.035,9.035,2026-08-10 17:02:00,77
2374.0,9.0384,9.03,9.0264,9.03,9.025,2026-08-10 17:03:00,89
2113.0,9.0384,9.025,9.025,9.03,9.025,2026-08-10 17:04:00,71
6357.207358,9.0317,9.03,9.035,9.035,9.03,2026-08-10 17:05:00,113
2801.0,9.0407,9.04,9.04,9.04,9.04,2026-08-10 17:06:00,56
1080.0,9.0395,9.035,9.04,9.04,9.035,2026-08-10 17:07:00,36
4289.0,9.031,9.03,9.03,9.03,9.03,2026-08-10 17:08:00,65
1180.0,9.0385,9.04,9.035,9.04,9.035,2026-08-10 17:09:00,42
10344.0,9.0407,9.04,9.035,9.045,9.035,2026-08-10 17:10:00,97
576.0,9.0374,9.04,9.035,9.04,9.035,2026-08-10 17:11:00,32
36173.261463,9.0845,9.03,9.1,9.1199,9.02,2026-08-10 17:12:00,314
63799.0,9.0518,9.1,9.04,9.1,9.01,2026-08-10 17:13:00,372
13416.0,9.0258,9.035,9.03,9.035,9.02,2026-08-10 17:14:00,85
1088.0,9.0428,9.0205,9.035,9.035,9.0205,2026-08-10 17:15:00,56
7565.176744,9.0464,9.035,9.05,9.06,9.035,2026-08-10 17:16:00,149
2803.014,9.0521,9.06,9.04,9.06,9.04,2026-08-10 17:17:00,102
1282.993331,9.0432,9.04,9.04,9.04,9.04,2026-08-10 17:18:00,39
18732.0,9.054,9.04,9.05,9.07,9.04,2026-08-10 17:19:00,239
1854.0,9.0415,9.04,9.035,9.04,9.03,2026-08-10 17:20:00,61
12805.0,9.0434,9.04,9.04,9.05,9.04,2026-08-10 17:21:00,153
5303.0,9.051,9.045,9.055,9.055,9.045,2026-08-10 17:22:00,104
4035.0,9.0489,9.055,9.0599,9.0599,9.05,2026-08-10 17:23:00,104
3415.0,9.0465,9.04,9.05,9.05,9.04,2026-08-10 17:24:00,71
5934.096662,9.0576,9.055,9.05,9.065,9.05,2026-08-10 17:25:00,108
1496.0,9.0534,9.055,9.055,9.055,9.055,2026-08-10 17:26:00,42
886.0,9.0532,9.055,9.055,9.055,9.055,2026-08-10 17:27:00,34
12711.651436,9.0447,9.055,9.04,9.0554,9.04,2026-08-10 17:28:00,182
8249.002631,9.0337,9.03,9.045,9.05,9.02,2026-08-10 17:29:00,122
8856.375195,9.0429,9.045,9.03,9.045,9.03,2026-08-10 17:30:00,85
1811.0,9.0399,9.04,9.04,9.04,9.035,2026-08-10 17:31:00,49
3328.0382,9.0398,9.04,9.04,9.04,9.04,2026-08-10 17:32:00,65
783.0,9.0398,9.04,9.04,9.04,9.04,2026-08-10 17:33:00,22
1123.0,9.0407,9.04,9.04,9.04,9.04,2026-08-10 17:34:00,34
3598.0,9.0336,9.04,9.03,9.04,9.03,2026-08-10 17:35:00,78
1013.0,9.0343,9.03,9.025,9.03,9.025,2026-08-10 17:36:00,38
5354.211986,9.016,9.02,9.005,9.02,9.005,2026-08-10 17:37:00,123
10277.0,9.0235,9.01,9.04,9.04,9.01,2026-08-10 17:38:00,129
1434.0,9.0299,9.04,9.04,9.04,9.04,2026-08-10 17:39:00,24
2033.0,9.0265,9.03,9.025,9.03,9.02,2026-08-10 17:40:00,52
60733.0,9.0593,9.0282,9.06,9.095,9.025,2026-08-10 17:41:00,431
10568.0,9.0696,9.06,9.07,9.08,9.06,2026-08-10 17:42:00,104
582.0,9.0703,9.075,9.075,9.075,9.075,2026-08-10 17:43:00,33
19294.0,9.0887,9.07,9.09,9.1,9.07,2026-08-10 17:44:00,206
8699.0,9.0894,9.1,9.08,9.1,9.07,2026-08-10 17:45:00,114
6529.0,9.0608,9.07,9.065,9.07,9.05,2026-08-10 17:46:00,119
3209.5168,9.0658,9.065,9.06,9.07,9.06,2026-08-10 17:47:00,55
1334.0,9.0682,9.06,9.06,9.06,9.06,2026-08-10 17:48:00,26
3297.0,9.0692,9.07,9.08,9.08,9.07,2026-08-10 17:49:00,41
3655.0,9.0824,9.07,9.0816,9.09,9.07,2026-08-10 17:50:00,69
2831.0,9.0843,9.09,9.09,9.09,9.09,2026-08-10 17:51:00,46
4450.0,9.0889,9.09,9.09,9.09,9.09,2026-08-10 17:52:00,45
17494.4986,9.077,9.09,9.07,9.09,9.065,2026-08-10 17:53:00,200
1306.768955,9.0728,9.0764,9.065,9.0764,9.065,2026-08-10 17:54:00,60
17984.064,9.0836,9.07,9.09,9.105,9.07,2026-08-10 17:55:00,149
3214.818481,9.0824,9.08,9.09,9.09,9.08,2026-08-10 17:56:00,53
5069.948151,9.0911,9.09,9.0986,9.1,9.09,2026-08-10 17:57:00,74
11131.0,9.0997,9.1,9.1193,9.1193,9.1,2026-08-10 17:58:00,77
24200.0,9.1168,9.12,9.1336,9.135,9.09,2026-08-10 17:59:00,305
3362.446,9.1314,9.135,9.13,9.14,9.13,2026-08-10 18:00:00,114
6433.0,9.121,9.13,9.105,9.13,9.1,2026-08-10 18:01:00,119
7682.0,9.0955,9.105,9.1,9.105,9.08,2026-08-10 18:02:00,156
5907.0,9.104,9.09,9.115,9.115,9.09,2026-08-10 18:03:00,75
737.0,9.1124,9.115,9.115,9.115,9.115,2026-08-10 18:04:00,65
4806.0,9.1124,9.11,9.11,9.12,9.1,2026-08-10 18:05:00,98
1696.0,9.1106,9.11,9.11,9.11,9.11,2026-08-10 18:06:00,59
12562.0,9.0983,9.095,9.115,9.115,9.095,2026-08-10 18:07:00,78
6212.0,9.1315,9.1193,9.15,9.155,9.1161,2026-08-10 18:08:00,113
16918.0,9.1177,9.15,9.0911,9.15,9.0911,2026-08-10 18:09:00,190
1974.0,9.103,9.095,9.1,9.1,9.095,2026-08-10 18:10:00,42
2845.0,9.1003,9.1,9.09,9.11,9.09,2026-08-10 18:11:00,60
1080.0,9.0985,9.095,9.09,9.095,9.09,2026-08-10 18:12:00,29
4715.0,9.0953,9.09,9.09,9.09,9.085,2026-08-10 18:13:00,68
6324.0,9.0886,9.09,9.09,9.0997,9.08,2026-08-10 18:14:00,82
8079.0,9.0802,9.07,9.08,9.08,9.07,2026-08-10 18:15:00,91
8073.0,9.0905,9.08,9.1,9.11,9.0799,2026-08-10 18:16:00,101
25762.021,9.1236,9.1,9.12,9.13,9.1,2026-08-10 18:17:00,113
2295.0,9.1098,9.11,9.105,9.11,9.105,2026-08-10 18:18:00,69
69193.0,9.1164,9.11,9.11,9.1305,9.1,2026-08-10 18:19:00,583
3377.310307,9.1172,9.12,9.12,9.12,9.115,2026-08-10 18:20:00,67
6363.0,9.1203,9.115,9.135,9.14,9.11,2026-08-10 18:21:00,71
4753.438116,9.1228,9.13,9.12,9.13,9.12,2026-08-10 18:22:00,70
11960.0,9.1292,9.125,9.15,9.15,9.12,2026-08-10 18:23:00,95
2884.0,9.1362,9.145,9.135,9.145,9.135,2026-08-10 18:24:00,61
2071.0,9.1342,9.135,9.135,9.14,9.135,2026-08-10 18:25:00,55
1877.0,9.1314,9.135,9.13,9.14,9.13,2026-08-10 18:26:00,43
10495.0,9.1245,9.125,9.115,9.13,9.115,2026-08-10 18:28:00,145
4645.915145,9.1205,9.12,9.125,9.125,9.12,2026-08-10 18:29:00,73
2428.09529,9.1215,9.13,9.12,9.13,9.12,2026-08-10 18:30:00,55
1865.0,9.1228,9.12,9.13,9.13,9.12,2026-08-10 18:31:00,30
2803.0,9.1288,9.13,9.13,9.13,9.125,2026-08-10 18:32:00,54
2713.0,9.1187,9.12,9.11,9.12,9.11,2026-08-10 18:33:00,50
1910.363081,9.1178,9.1182,9.115,9.1182,9.115,2026-08-10 18:34:00,46
3801.0,9.1097,9.11,9.105,9.11,9.105,2026-08-10 18:35:00,72
12321.30896,9.0928,9.105,9.085,9.105,9.085,2026-08-10 18:36:00,158
13155.0,9.0755,9.085,9.09,9.09,9.06,2026-08-10 18:37:00,154
10026.0,9.0855,9.09,9.09,9.09,9.08,2026-08-10 18:38:00,133
2884.0,9.0873,9.085,9.09,9.09,9.085,2026-08-10 18:39:00,55
2686.0,9.098,9.1,9.105,9.105,9.1,2026-08-10 18:40:00,54
4813.0,9.1049,9.105,9.11,9.11,9.1001,2026-08-10 18:41:00,81
1921.0,9.1059,9.115,9.1,9.115,9.1,2026-08-10 18:42:00,56
2556.0,9.093,9.09,9.09,9.09,9.09,2026-08-10 18:43:00,52
3443.0,9.0828,9.08,9.085,9.085,9.08,2026-08-10 18:44:00,65
4889.0,9.0833,9.08,9.09,9.09,9.075,2026-08-10 18:45:00,85
2627.095878,9.0869,9.09,9.085,9.09,9.085,2026-08-10 18:46:00,75
5782.0,9.084,9.09,9.09,9.09,9.075,2026-08-10 18:47:00,93
1369.98938,9.0922,9.095,9.095,9.095,9.095,2026-08-10 18:48:00,52
3386.0,9.089,9.1,9.08,9.1,9.08,2026-08-10 18:49:00,80
6153.303181,9.0938,9.09,9.1,9.1,9.09,2026-08-10 18:50:00,103
11226.0,9.0939,9.1,9.095,9.1,9.09,2026-08-10 18:51:00,146
4711.0,9.1037,9.09,9.12,9.12,9.09,2026-08-10 18:52:00,89
4446.0,9.1168,9.12,9.12,9.12,9.12,2026-08-10 18:53:00,54
1172.0,9.1113,9.13,9.12,9.13,9.12,2026-08-10 18:54:00,30
2210.0,9.1182,9.13,9.12,9.13,9.12,2026-08-10 18:55:00,58
5067.0,9.1154,9.12,9.1182,9.12,9.11,2026-08-10 18:56:00,89
5382.0,9.1135,9.11,9.12,9.12,9.11,2026-08-10 18:57:00,100
5556.0,9.1127,9.11,9.12,9.12,9.105,2026-08-10 18:58:00,92
2547.0,9.1184,9.12,9.125,9.125,9.12,2026-08-10 18:59:00,55
2866.0,9.1215,9.12,9.125,9.13,9.12,2026-08-10 19:00:00,87
3376.0,9.1219,9.12,9.12,9.13,9.12,2026-08-10 19:01:00,79
5572.0,9.1201,9.12,9.125,9.125,9.115,2026-08-10 19:02:00,69
3055.0,9.1293,9.13,9.14,9.14,9.13,2026-08-10 19:03:00,91
27353.0,9.1364,9.15,9.13,9.15,9.11,2026-08-10 19:04:00,237
3838.0,9.1322,9.125,9.14,9.14,9.125,2026-08-10 19:05:00,83
7210.0,9.1453,9.14,9.1489,9.155,9.14,2026-08-10 19:06:00,112
2710.0,9.1342,9.14,9.13,9.14,9.13,2026-08-10 19:07:00,73
31824.0,9.1565,9.125,9.18,9.18,9.125,2026-08-10 19:08:00,317
2591.0,9.1727,9.18,9.17,9.185,9.17,2026-08-10 19:09:00,74
4609.61094,9.1649,9.165,9.175,9.175,9.165,2026-08-10 19:10:00,79
45049.912854,9.1678,9.18,9.13,9.185,9.13,2026-08-10 19:11:00,280
6186.0,9.1445,9.13,9.145,9.15,9.13,2026-08-10 19:12:00,95
1762.0,9.1495,9.15,9.15,9.15,9.145,2026-08-10 19:13:00,46
4608.0,9.149,9.14,9.14,9.15,9.14,2026-08-10 19:14:00,68
5530.0,9.1344,9.14,9.125,9.14,9.125,2026-08-10 19:15:00,119
10600.0,9.1129,9.125,9.105,9.125,9.1025,2026-08-10 19:16:00,128
3841.0,9.1095,9.1,9.105,9.11,9.1,2026-08-10 19:17:00,51
9731.0,9.116,9.11,9.12,9.12,9.11,2026-08-10 19:18:00,134
2249.0,9.1375,9.1299,9.13,9.13,9.1299,2026-08-10 19:19:00,68
3099.0,9.1238,9.13,9.125,9.13,9.125,2026-08-10 19:20:00,58
1910.0,9.1234,9.13,9.125,9.13,9.125,2026-08-10 19:21:00,56
2256.0,9.1239,9.125,9.125,9.13,9.125,2026-08-10 19:22:00,55
1871.0,9.1247,9.125,9.125,9.13,9.125,2026-08-10 19:23:00,71
11933.0,9.1164,9.1212,9.105,9.125,9.105,2026-08-10 19:24:00,149
3876.0,9.1105,9.11,9.105,9.11,9.105,2026-08-10 19:25:00,65
5805.0,9.1031,9.105,9.095,9.105,9.095,2026-08-10 19:26:00,77
20831.0,9.1104,9.095,9.12,9.13,9.095,2026-08-10 19:27:00,197
7444.0,9.1189,9.12,9.11,9.13,9.11,2026-08-10 19:28:00,97
9706.0,9.1106,9.115,9.11,9.115,9.105,2026-08-10 19:29:00,183
10887.0,9.1092,9.11,9.12,9.125,9.1,2026-08-10 19:30:00,138
8613.0,9.1313,9.125,9.1332,9.15,9.125,2026-08-10 19:31:00,89
9710.0,9.1324,9.14,9.13,9.15,9.12,2026-08-10 19:32:00,149
4847.114588,9.1315,9.1282,9.135,9.14,9.1282,2026-08-10 19:33:00,108
10649.0,9.131,9.14,9.125,9.14,9.1207,2026-08-10 19:34:00,175
27966.0,9.1069,9.12,9.1,9.125,9.095,2026-08-10 19:35:00,288
5913.0,9.1015,9.095,9.1,9.105,9.095,2026-08-10 19:36:00,113
7975.506401,9.1081,9.11,9.105,9.12,9.105,2026-08-10 19:37:00,140
26696.34059,9.0875,9.1,9.075,9.1,9.065,2026-08-10 19:38:00,304
22752.0,9.0727,9.075,9.045,9.085,9.045,2026-08-10 19:39:00,225
26081.0,9.0335,9.04,9.0295,9.04,9.025,2026-08-10 19:40:00,203
10783.0,9.0353,9.03,9.03,9.03,9.025,2026-08-10 19:41:00,124
8940.0,9.0385,9.03,9.025,9.04,9.025,2026-08-10 19:42:00,109
17194.970841,9.0246,9.025,9.015,9.03,9.015,2026-08-10 19:43:00,162
9395.1569,9.0244,9.02,9.0299,9.03,9.02,2026-08-10 19:44:00,114
17970.110784,9.053,9.025,9.07,9.08,9.025,2026-08-10 19:45:00,191
11525.0,9.0668,9.065,9.07,9.075,9.06,2026-08-10 19:46:00,175
9301.01989,9.0593,9.06,9.0587,9.06,9.055,2026-08-10 19:47:00,145
112920.0,9.027,9.06,9.02,9.065,9.01,2026-08-10 19:48:00,455
51046.0,9.0164,9.03,9.01,9.03,9.0,2026-08-10 19:49:00,489
33455.0003,9.0173,9.01,9.01,9.025,9.0,2026-08-10 19:50:00,349
32786.0,9.0473,9.005,9.09,9.09,9.005,2026-08-10 19:51:00,346
40041.303031,9.0916,9.1,9.085,9.11,9.08,2026-08-10 19:52:00,412
15142.691506,9.0948,9.09,9.115,9.1268,9.09,2026-08-10 19:53:00,218
24832.0,9.1127,9.115,9.115,9.135,9.11,2026-08-10 19:54:00,326
46963.237319,9.0978,9.115,9.075,9.115,9.075,2026-08-10 19:55:00,474
59618.262811,9.0248,9.07,9.025,9.07,8.99,2026-08-10 19:56:00,534
59173.722067,8.9967,9.02,8.97,9.02,8.97,2026-08-10 19:57:00,660
135862.0,8.9607,8.9799,8.935,8.985,8.93,2026-08-10 19:58:00,1070
171937.956628,8.9203,8.935,8.89,8.96,8.88,2026-08-10 19:59:00,1518
623.588513,9.1963,9.25,9.25,9.25,9.25,2026-08-10 20:00:00,9
100.0,8.99,8.99,8.99,8.99,8.99,2026-08-10 20:02:00,1
1075.0,8.9589,8.99,8.98,8.99,8.98,2026-08-10 20:03:00,46
7969.2227,8.9009,8.98,8.9,8.98,8.9,2026-08-10 20:04:00,16
1516.0,8.98,8.98,8.98,8.98,8.98,2026-08-10 20:05:00,5
195.0,8.9615,8.96,8.96,8.96,8.96,2026-08-10 20:06:00,2
512.266745,9.0555,9.1,9.04,9.1,9.04,2026-08-10 20:08:00,9
6000.0,9.1,9.1,9.1,9.1,9.1,2026-08-10 20:11:00,1
8191.0,8.971,8.98,8.97,8.99,8.97,2026-08-10 20:12:00,14
265.0,8.9413,8.9102,8.9102,8.9102,8.9102,2026-08-10 20:14:00,2
200.0,9.03,9.03,9.03,9.03,9.03,2026-08-10 20:19:00,1
4200.0,9.0292,9.03,9.0271,9.03,9.0271,2026-08-10 20:20:00,2
18070.817423,10.0196,9.0,10.34,10.75,9.0,2026-08-10 20:26:00,93
66999.882802,11.3136,10.76,11.32,11.78,10.76,2026-08-10 20:27:00,732
60048.312465,11.0838,11.37,10.6884,11.74,10.52,2026-08-10 20:28:00,744
55254.186099,10.6642,10.69,10.6482,10.9861,10.5,2026-08-10 20:29:00,348
28211.123066,10.4575,10.65,10.28,10.65,10.19,2026-08-10 20:30:00,302
17271.407272,10.2192,10.34,10.07,10.45,10.05,2026-08-10 20:31:00,261
23136.053458,10.0862,10.05,10.4,10.4,9.6173,2026-08-10 20:32:00,221
17457.2016,10.383,10.46,10.4385,10.47,10.2443,2026-08-10 20:33:00,111
15723.197608,10.4991,10.3153,10.46,10.6625,10.3153,2026-08-10 20:34:00,112
21521.569653,10.6855,10.6,10.89,10.89,10.5,2026-08-10 20:35:00,134
29655.0,10.7433,10.975,10.9,10.975,10.57,2026-08-10 20:36:00,128
47298.536478,11.0536,10.98,11.13,11.23,10.9241,2026-08-10 20:37:00,352
49776.515373,11.2079,11.17,11.24,11.3,11.02,2026-08-10 20:38:00,346
44092.168389,11.3424,11.25,11.45,11.5,11.12,2026-08-10 20:39:00,358
46854.841452,11.3328,11.44,11.33,11.44,11.26,2026-08-10 20:40:00,397
49306.168389,11.3107,11.32,11.3,11.4,11.21,2026-08-10 20:41:00,272
37621.64914,11.3237,11.29,11.44,11.5,11.12,2026-08-10 20:42:00,410
67894.652542,11.6064,11.44,11.6,11.8,11.34,2026-08-10 20:43:00,448
65667.624972,11.7663,11.85,12.04,12.09,11.47,2026-08-10 20:44:00,638
104682.527539,12.0172,12.075,11.77,12.2059,11.65,2026-08-10 20:45:00,1358
67227.551494,11.5585,11.73,11.5919,11.77,11.31,2026-08-10 20:46:00,1108
47633.158583,11.6392,11.59,11.7261,11.77,11.52,2026-08-10 20:47:00,469
55147.155442,11.8057,11.73,11.75,11.9,11.67,2026-08-10 20:48:00,591
59381.155442,11.7615,11.76,11.7,11.9797,11.55,2026-08-10 20:49:00,595
43608.155442,11.8288,11.7,11.72,11.9693,11.7,2026-08-10 20:50:00,421
29011.314025,11.5881,11.74,11.55,11.74,11.49,2026-08-10 20:51:00,283
30394.158583,11.609,11.55,11.6,11.74,11.5,2026-08-10 20:52:00,264
16532.158583,11.529,11.65,11.5727,11.6572,11.49,2026-08-10 20:53:00,118
31176.314025,11.6144,11.5,11.81,11.86,11.4108,2026-08-10 20:54:00,294
50987.0,11.8178,11.81,11.73,11.9,11.7,2026-08-10 20:55:00,400
20186.991203,11.5772,11.67,11.5617,11.7396,11.4348,2026-08-10 20:56:00,171
18003.0,11.5826,11.5908,11.6028,11.66,11.56,2026-08-10 20:57:00,68
14295.0,11.6146,11.63,11.68,11.7,11.5005,2026-08-10 20:58:00,117
17347.992139,11.7358,11.68,11.8,11.85,11.57,2026-08-10 20:59:00,181
42714.301711,11.9653,11.83,12.0,12.14,11.71,2026-08-10 21:00:00,449
23286.9001,11.8884,11.9,11.92,12.0,11.7541,2026-08-10 21:01:00,247
37701.962158,12.0217,11.9574,12.09,12.1,11.95,2026-08-10 21:02:00,315
16061.129522,11.969,12.03,11.99,12.08,11.89,2026-08-10 21:03:00,329
18929.310241,11.8622,11.98,11.8948,11.98,11.76,2026-08-10 21:04:00,283
23185.0,11.9244,11.8906,11.88,11.96,11.85,2026-08-10 21:05:00,143
34522.994093,12.0588,11.925,12.1193,12.17,11.9,2026-08-10 21:06:00,311
86591.836528,12.2825,12.11,12.1984,12.44,12.1,2026-08-10 21:07:00,1021
47482.184215,12.2026,12.1617,12.25,12.2897,12.11,2026-08-10 21:08:00,426
58629.469109,12.3218,12.24,12.35,12.44,12.22,2026-08-10 21:09:00,501
20723.475833,12.318,12.3502,12.2499,12.3654,12.23,2026-08-10 21:10:00,278
27455.0,12.1834,12.23,12.1565,12.24,12.15,2026-08-10 21:11:00,300
28492.933935,12.1587,12.1629,12.22,12.22,12.126,2026-08-10 21:12:00,277
19126.143491,12.2955,12.2492,12.284,12.38,12.2155,2026-08-10 21:13:00,188
56756.278514,12.4156,12.2793,12.5092,12.58,12.2602,2026-08-10 21:14:00,398
31846.426503,12.4224,12.47,12.3884,12.52,12.3316,2026-08-10 21:15:00,469
34753.121734,12.5173,12.36,12.5401,12.6,12.34,2026-08-10 21:16:00,227
18326.130982,12.4523,12.56,12.3903,12.6,12.39,2026-08-10 21:17:00,203
61201.847357,12.4566,12.4154,12.3773,12.51,12.3773,2026-08-10 21:18:00,354
16849.686178,12.3876,12.37,12.4025,12.5,12.29,2026-08-10 21:19:00,231
29965.835713,12.35,12.4,12.2043,12.45,12.1127,2026-08-10 21:20:00,246
26326.354275,12.1862,12.1466,12.25,12.3143,12.1009,2026-08-10 21:21:00,220
38592.143491,12.287,12.2503,12.3001,12.33,12.245,2026-08-10 21:22:00,120
16005.0,12.2376,12.31,12.16,12.3294,12.15,2026-08-10 21:23:00,129
16442.1184,12.232,12.15,12.21,12.2982,12.15,2026-08-10 21:24:00,98
5387.0,12.244,12.2018,12.33,12.3372,12.2018,2026-08-10 21:25:00,53
11043.0,12.3147,12.29,12.33,12.35,12.28,2026-08-10 21:26:00,73
11397.006562,12.3031,12.3293,12.29,12.35,12.254,2026-08-10 21:27:00,77
26069.14065,12.4,12.35,12.37,12.45,12.2905,2026-08-10 21:28:00,124
14477.117932,12.3787,12.3895,12.35,12.42,12.3192,2026-08-10 21:29:00,77
10118.0,12.3902,12.4,12.35,12.42,12.35,2026-08-10 21:30:00,74
15131.14065,12.2873,12.3177,12.2893,12.32,12.2635,2026-08-10 21:31:00,109
10287.0,12.3013,12.29,12.281,12.3441,12.27,2026-08-10 21:32:00,109
7720.0,12.2956,12.29,12.26,12.31,12.26,2026-08-10 21:33:00,51
6440.0,12.2901,12.2614,12.28,12.3,12.2614,2026-08-10 21:34:00,27
8204.0,12.2639,12.2887,12.25,12.29,12.25,2026-08-10 21:35:00,71
20676.463934,12.2632,12.29,12.19,12.32,12.1624,2026-08-10 21:36:00,248
3012.0,12.2076,12.21,12.2423,12.2423,12.2,2026-08-10 21:37:00,29
14206.728194,12.1619,12.2,12.1805,12.2,12.15,2026-08-10 21:38:00,134
10664.0,12.2026,12.18,12.1805,12.2398,12.18,2026-08-10 21:39:00,68
11912.0,12.1583,12.165,12.1753,12.18,12.11,2026-08-10 21:40:00,70
8664.0,12.1455,12.166,12.1792,12.1792,12.11,2026-08-10 21:41:00,48
4770.0,12.144,12.1754,12.111,12.19,12.11,2026-08-10 21:42:00,58
15672.0,12.1402,12.14,12.1496,12.19,12.11,2026-08-10 21:43:00,55
4993.0,12.1733,12.16,12.18,12.19,12.16,2026-08-10 21:44:00,47
15364.0,12.1314,12.18,12.11,12.1996,12.11,2026-08-10 21:45:00,92
5791.0,12.0909,12.12,12.09,12.12,12.06,2026-08-10 21:46:00,105
5992.0,12.1087,12.1,12.12,12.12,12.0846,2026-08-10 21:47:00,33
3996.0,12.0903,12.11,12.06,12.11,12.06,2026-08-10 21:48:00,43
2635.0,12.0795,12.0666,12.0713,12.16,12.06,2026-08-10 21:49:00,29
3841.0,12.1145,12.14,12.13,12.14,12.1,2026-08-10 21:50:00,21
3178.0,12.1488,12.15,12.15,12.15,12.15,2026-08-10 21:51:00,51
3344.0,12.1017,12.0864,12.1171,12.15,12.08,2026-08-10 21:52:00,36
823.0,12.1371,12.1495,12.1495,12.1495,12.1495,2026-08-10 21:53:00,13
8239.0,12.1168,12.1117,12.11,12.18,12.11,2026-08-10 21:54:00,29
1982.0,12.156,12.1507,12.18,12.18,12.1507,2026-08-10 21:55:00,30
1564.0,12.1953,12.2,12.1946,12.2,12.19,2026-08-10 21:56:00,21
2678.0,12.1998,12.2,12.2,12.2,12.2,2026-08-10 21:57:00,9
18809.88474,12.1587,12.16,12.15,12.162,12.13,2026-08-10 21:58:00,39
1373.658435,12.1035,12.1009,12.1,12.1009,12.1,2026-08-10 21:59:00,16
8480.0,12.2062,12.16,12.2985,12.2985,12.16,2026-08-10 22:00:00,43
4759.250945,12.3092,12.3,12.33,12.33,12.29,2026-08-10 22:01:00,38
29202.0,12.3612,12.35,12.34,12.3995,12.33,2026-08-10 22:02:00,74
8698.9605,12.2883,12.26,12.4098,12.4098,12.24,2026-08-10 22:03:00,67
7164.14065,12.418,12.4002,12.4,12.44,12.36,2026-08-10 22:04:00,58
7782.14065,12.3125,12.35,12.25,12.36,12.25,2026-08-10 22:05:00,58
1496.0,12.2268,12.218,12.3,12.3,12.21,2026-08-10 22:06:00,24
336.0,12.2494,12.2313,12.2313,12.2313,12.2313,2026-08-10 22:07:00,16
2780.735772,12.2585,12.26,12.25,12.2864,12.25,2026-08-10 22:08:00,22
1520.0,12.2842,12.2418,12.27,12.3752,12.2418,2026-08-10 22:09:00,13
1196.0,12.3572,12.36,12.36,12.36,12.36,2026-08-10 22:10:00,10
7777.0,12.3325,12.35,12.31,12.35,12.31,2026-08-10 22:11:00,15
1781.0,12.308,12.31,12.28,12.324,12.2762,2026-08-10 22:12:00,16
1700.0,12.3233,12.31,12.32,12.33,12.31,2026-08-10 22:13:00,16
4753.0,12.3839,12.35,12.37,12.4,12.35,2026-08-10 22:14:00,39
5450.0,12.3899,12.39,12.38,12.4,12.37,2026-08-10 22:15:00,34
7555.986268,12.3657,12.3898,12.35,12.3898,12.35,2026-08-10 22:16:00,20
2980.0,12.3585,12.36,12.36,12.36,12.35,2026-08-10 22:17:00,16
10839.858766,12.3384,12.3706,12.324,12.38,12.28,2026-08-10 22:18:00,64
13110.0,12.3164,12.3296,12.3799,12.39,12.29,2026-08-10 22:19:00,21
5934.0,12.4005,12.38,12.38,12.42,12.38,2026-08-10 22:20:00,50
786.0,12.3952,12.3961,12.3831,12.3961,12.3831,2026-08-10 22:21:00,12
2589.0,12.3997,12.4165,12.37,12.4165,12.37,2026-08-10 22:22:00,11
8273.0,12.355,12.37,12.35,12.37,12.35,2026-08-10 22:23:00,17
8909.0,12.3531,12.38,12.37,12.38,12.35,2026-08-10 22:24:00,16
1371.0,12.3831,12.3981,12.3899,12.3981,12.3746,2026-08-10 22:25:00,13
4377.0,12.4023,12.3889,12.42,12.42,12.3706,2026-08-10 22:26:00,53
6905.0,12.4051,12.41,12.33,12.4101,12.33,2026-08-10 22:27:00,27
6664.0,12.3264,12.3013,12.35,12.35,12.29,2026-08-10 22:28:00,41
3119.0,12.3021,12.2999,12.3438,12.3438,12.2999,2026-08-10 22:29:00,15
904.0,12.3385,12.35,12.3162,12.35,12.3162,2026-08-10 22:30:00,11
1425.0,12.325,12.3111,12.3177,12.35,12.31,2026-08-10 22:31:00,15
1530.0,12.2904,12.2994,12.26,12.3,12.26,2026-08-10 22:32:00,20
7679.812811,12.2774,12.21,12.2693,12.3199,12.21,2026-08-10 22:33:00,21
2320.0,12.3301,12.32,12.3486,12.3486,12.3196,2026-08-10 22:34:00,9
26827.0,12.3495,12.33,12.34,12.36,12.33,2026-08-10 22:35:00,26
1322.0,12.3404,12.3438,12.34,12.3438,12.34,2026-08-10 22:36:00,7
220.0,12.3294,12.3222,12.3222,12.3222,12.3222,2026-08-10 22:38:00,8
1669.0,12.3449,12.34,12.35,12.36,12.3101,2026-08-10 22:39:00,20
913.0,12.3153,12.31,12.31,12.31,12.31,2026-08-10 22:40:00,8
8374.18,12.3497,12.3399,12.35,12.36,12.3399,2026-08-10 22:41:00,51
6314.0,12.3506,12.3497,12.35,12.36,12.3404,2026-08-10 22:42:00,58
722.0,12.3484,12.348,12.35,12.35,12.348,2026-08-10 22:44:00,7
2352.0,12.3472,12.33,12.35,12.35,12.33,2026-08-10 22:45:00,38
28757.14065,12.4506,12.3484,12.49,12.5,12.3484,2026-08-10 22:46:00,112
25403.3768,12.4763,12.48,12.4883,12.49,12.43,2026-08-10 22:47:00,63
837.0,12.4612,12.48,12.45,12.48,12.45,2026-08-10 22:48:00,18
8292.0,12.4865,12.46,12.4899,12.5,12.45,2026-08-10 22:49:00,80
34578.0,12.4921,12.505,12.4,12.52,12.4,2026-08-10 22:50:00,160
1263.0,12.3867,12.38,12.4,12.4,12.38,2026-08-10 22:52:00,17
910.0,12.3552,12.35,12.3546,12.3546,12.35,2026-08-10 22:53:00,12
1285.0,12.4186,12.35,12.4,12.49,12.35,2026-08-10 22:54:00,10
5221.0,12.4006,12.4,12.4,12.4,12.4,2026-08-10 22:55:00,8
644.0,12.4363,12.52,12.3982,12.52,12.3982,2026-08-10 22:56:00,23
1349.0,12.4195,12.4492,12.43,12.4492,12.4062,2026-08-10 22:58:00,12
812.0,12.4311,12.44,12.4211,12.44,12.4211,2026-08-10 22:59:00,6
1724.0,12.451,12.434,12.46,12.4609,12.434,2026-08-10 23:00:00,18
2700.0,12.4698,12.47,12.47,12.47,12.47,2026-08-10 23:01:00,52
1056.0,12.4846,12.4704,12.5,12.5,12.4704,2026-08-10 23:02:00,7
10130.0,12.4998,12.4998,12.4998,12.4998,12.4998,2026-08-10 23:03:00,10
437.0,12.4828,12.48,12.4969,12.4969,12.48,2026-08-10 23:04:00,6
1010.0,12.4712,12.4706,12.47,12.4706,12.47,2026-08-10 23:05:00,11
3048.0,12.4532,12.46,12.4519,12.4923,12.45,2026-08-10 23:06:00,12
1006.0,12.495,12.4947,12.4999,12.4999,12.4947,2026-08-10 23:07:00,7
1181.0,12.4885,12.4986,12.46,12.4995,12.46,2026-08-10 23:08:00,10
1007.858766,12.4655,12.4951,12.45,12.4951,12.45,2026-08-10 23:09:00,13
5268.0,12.4988,12.5,12.47,12.5,12.47,2026-08-10 23:10:00,9
6174.0,12.505,12.47,12.52,12.52,12.47,2026-08-10 23:11:00,27
4654.137864,12.5426,12.52,12.55,12.56,12.512,2026-08-10 23:12:00,44
5012.0,12.5387,12.5364,12.5246,12.56,12.5219,2026-08-10 23:13:00,30
14942.0,12.5575,12.54,12.556,12.56,12.54,2026-08-10 23:14:00,43
2346.0,12.5513,12.55,12.5445,12.56,12.53,2026-08-10 23:15:00,30
1656.0,12.5354,12.54,12.55,12.55,12.5,2026-08-10 23:16:00,15
412.0,12.5154,12.5,12.5,12.5,12.5,2026-08-10 23:17:00,10
196.0,12.5457,12.544,12.544,12.544,12.544,2026-08-10 23:19:00,7
1007.0,12.5423,12.54,12.5498,12.5498,12.54,2026-08-10 23:20:00,7
1686.0,12.5415,12.545,12.53,12.55,12.53,2026-08-10 23:21:00,20
2239.0,12.5516,12.54,12.5586,12.5586,12.53,2026-08-10 23:22:00,10
1359.0,12.5517,12.554,12.5597,12.56,12.55,2026-08-10 23:23:00,18
3541.0,12.5377,12.545,12.5301,12.554,12.5301,2026-08-10 23:24:00,12
3295.0,12.5329,12.54,12.53,12.54,12.53,2026-08-10 23:25:00,22
2324.0,12.5267,12.54,12.506,12.54,12.5046,2026-08-10 23:26:00,17
566.0,12.5085,12.5153,12.5014,12.5153,12.5014,2026-08-10 23:27:00,14
1260.0,12.5041,12.5003,12.506,12.506,12.5,2026-08-10 23:28:00,13
441.0,12.5055,12.506,12.5057,12.506,12.5046,2026-08-10 23:29:00,11
1735.0,12.5011,12.5007,12.5004,12.5007,12.5004,2026-08-10 23:30:00,9
7309.0,12.4995,12.5032,12.48,12.51,12.48,2026-08-10 23:31:00,35
4786.0,12.4581,12.4631,12.4592,12.4631,12.45,2026-08-10 23:32:00,23
7341.0,12.4724,12.44,12.48,12.48,12.44,2026-08-10 23:33:00,28
1508.0,12.5056,12.5,12.51,12.5103,12.5,2026-08-10 23:35:00,19
1124.0,12.5093,12.51,12.5098,12.51,12.5098,2026-08-10 23:36:00,12
2988.0,12.5028,12.51,12.4949,12.51,12.47,2026-08-10 23:37:00,19
632.0,12.4498,12.45,12.4512,12.4512,12.45,2026-08-10 23:38:00,12
13994.137864,12.4177,12.4509,12.41,12.4509,12.4,2026-08-10 23:39:00,40
7299.0,12.4177,12.4,12.42,12.42,12.4,2026-08-10 23:40:00,20
1583.0,12.4332,12.46,12.4212,12.46,12.4212,2026-08-10 23:41:00,10
1858.0,12.452,12.42,12.46,12.46,12.42,2026-08-10 23:42:00,15
4316.0,12.4638,12.46,12.46,12.47,12.4506,2026-08-10 23:43:00,19
1466.0,12.4571,12.45,12.46,12.46,12.45,2026-08-10 23:44:00,12
1964.0,12.4584,12.46,12.46,12.46,12.4301,2026-08-10 23:45:00,19
3005.0,12.4618,12.46,12.48,12.48,12.45,2026-08-10 23:46:00,18
1114.0,12.481,12.48,12.47,12.4936,12.47,2026-08-10 23:47:00,12
2302.0,12.4979,12.4938,12.5,12.5,12.4938,2026-08-10 23:48:00,8
3018.0,12.4936,12.51,12.502,12.51,12.48,2026-08-10 23:49:00,13
658.0,12.4642,12.4005,12.48,12.48,12.4005,2026-08-10 23:50:00,7
816.0,12.4853,12.48,12.51,12.51,12.48,2026-08-10 23:51:00,23
20601.137864,12.5853,12.51,12.6194,12.62,12.4605,2026-08-10 23:52:00,91
3613.0,12.5886,12.59,12.54,12.6,12.54,2026-08-10 23:53:00,22
8205.0,12.616,12.61,12.62,12.62,12.5905,2026-08-10 23:54:00,47
5869.0,12.6073,12.62,12.6,12.62,12.6,2026-08-10 23:55:00,18
4146.0,12.5657,12.58,12.568,12.5983,12.5239,2026-08-10 23:56:00,15
2616.0,12.5939,12.5862,12.59,12.605,12.568,2026-08-10 23:57:00,25
10830.0,12.5914,12.5938,12.59,12.61,12.5616,2026-08-10 23:58:00,32
5338.0,12.6132,12.605,12.5776,12.628,12.5776,2026-08-10 23:59:00,36
